Quellenform,edwoca-ID
Ausschnitt,120
Ausschnitt,479
Ausschnitt,480
Ausschnitt,540
Ausschnitt,541
Ausschnitt,550
Ausschnitt,556
Ausschnitt,696
Ausschnitt,714
Ausschnitt,717
Ausschnitt,721
Ausschnitt,750
Ausschnitt,755
Ausschnitt,760
Ausschnitt,764
Ausschnitt,774
Ausschnitt,828
Ausschnitt,883
Ausschnitt,896
Ausschnitt,1001
Ausschnitt,1002
Ausschnitt,1003
Ausschnitt,1023
Ausschnitt,1029
Ausschnitt,1030
Ausschnitt,1034
Ausschnitt,1048
Ausschnitt,1083
Ausschnitt,1086
Entwurf,7
Entwurf,8
Entwurf,152
Entwurf,153
Entwurf,154
Entwurf,155
Entwurf,157
Entwurf,158
Entwurf,159
Entwurf,160
Entwurf,161
Entwurf,163
Entwurf,164
Entwurf,293
Entwurf,372
Entwurf,521
Entwurf,538
Entwurf,543
Entwurf,545
Entwurf,605
Entwurf,606
Entwurf,607
Entwurf,608
Entwurf,678
Entwurf,679
Entwurf,682
Entwurf,700
Entwurf,706
Entwurf,742
Entwurf,800
Entwurf,801
Entwurf,802
Entwurf,803
Entwurf,804
Entwurf,805
Entwurf,806
Entwurf,807
Entwurf,808
Entwurf,809
Entwurf,810
Entwurf,811
Entwurf,812
Entwurf,813
Entwurf,814
Entwurf,815
Entwurf,816
Entwurf,817
Entwurf,818
Entwurf,819
Entwurf,824
Entwurf,855
Entwurf,884
Entwurf,942
Entwurf,943
Entwurf,944
Entwurf,945
Entwurf,1004
Entwurf,1005
Entwurf,1006
Entwurf,1019
Entwurf,1020
Entwurf,1024
Entwurf,1045
Entwurf,1069
Entwurf,1075
Entwurf,1084
Entwurf,1106
Entwurf,1126
Entwurf,1127
Entwurf,1128
Entwurf,1129
Entwurf,1130
Entwurf,1132
Entwurf,1133
Entwurf,1134
Entwurf,1135
Entwurf,1136
Entwurf,1137
Entwurf,1138
Entwurf,1139
Entwurf,1140
Entwurf,1141
Entwurf,1142
Entwurf,1143
Entwurf,1144
Entwurf,1145
Entwurf,1146
Entwurf,1147
Entwurf,1148
Entwurf,1149
Entwurf,1150
Entwurf,1151
Entwurf,1152
Entwurf,1153
Entwurf,1154
Entwurf,1155
Entwurf,1156
Entwurf,1157
Entwurf,1158
Entwurf,1159
Entwurf,1160
Entwurf,1161
Entwurf,1162
Entwurf,1163
Entwurf,1165
Entwurf,1167
Entwurf,1168
Entwurf,1172
Entwurf,1175
Entwurf,1176
Entwurf,1178
Entwurf,1186
Fragment,98
Fragment,408
Fragment,566
Fragment,615
Fragment,626
Fragment,702
Fragment,827
Fragment,885
Fragment,1017
Fragment,1110
Fragment,1164
Fragment,1166
Fragment,1169
Fragment,1170
