WVZ-Nr. (R | S | E/M),edwoca-ID,,,,,,,
"R 582a,1-3 | S 292a | N32/1",1,,,,,,,
"R 582a,1",2,,,,,,,
"R 582a,2",3,,,,,,,
"R 582a,3",4,,,,,,,
R 504 | S 23 | J8,5,,,,,,,
R 488 | S 12 | J22,6,,,,,,,
R 488 | S 12 | J22,7,,,,,,,
R 556,8,,,,,,,
R 609a | S 297/1 | N34/1,9,,,,,,,
R 520 | S 22 | J52,10,,,,,,,
R 568 | S 279 | N10 ,11,,,,,,,
R 579 | S 280 | N23,12,,,,,,,
R 428 | S 111 | G37,13,,,,,,,
R 437 | S 119 | G35,14,,,,,,,
"R 106,4 | S 244/4 | A132/4",15,,,,,,,
"R 106,5 | S 244/5 | A132/5",16,,,,,,,
"R 106,9 | S 244/9 | A132/9",17,,,,,,,
"R 106,9 | S 244/9 | A132/9",18,,,,,,,
"R 106,11 | S 244/11 | A132/11",19,,,,,,,
"R 106,1 | S 244/1 | A132/1",20,,,,,,,
R 106 | R 244 | A132,21,,,,,,,
"R 106,6 | S 244/6 | A132/6",22,,,,,,,
"R 106,7 | S 244/7 | A132/7",23,,,,,,,
"R 106,8 | S 244/8 | A132/8",24,,,,,,,
"R 106,14 | S 244/14 | A132/14",25,,,,,,,
"R 106,10 | S 244/10 | A132/10",26,,,,,,,
"R 106,12 | S 244/12 | A132/12",27,,,,,,,
"R 106,13 | S 244/13 | A132/13",28,,,,,,,
"R 106,15 | S 244/15 | A132/15",29,,,,,,,
R 521a | S 41/1 | J26,30,,,,,,,
R 521b | S 41/2 | J26,32,,,,,,,
R 497 | S 38 | J24,33,,,,,,,
R 639 | S 681 | K4,34,,,,,,,
R 193 | S 504/1 | A247/1,35,,,,,,,
R 516a | S 40 | J28,36,,,,,,,
R 532b | S 42/2 | J 27/2,37,,,,,,,
R 611 | S 319 | N58,38,,,,,,,
R 615 | S 323 | N61,39,,,,,,,
R 657 | S 349 | P5,40,,,,,,,
R 608 | S 289/2 | N29/2,41,,,,,,,
R 608 | S 289/2 | N29/2,42,,,,,,,
R 608 | S 289/2 | N29/2,43,,,,,,,
R 517 | S 55 | J38,44,,,,,,,
R 527 | S 56 | J37,46,,,,,,,
R 527 | S 56 | J37,48,,,,,,,
R 396 | S 670 | E34,49,,,,,,,
R 602 | S 311/1 | N48/1,50,,,,,,,
R 602 | S 311/1 | N48/1,51,,,,,,,
R 510a | S 39/1 | J25,52,,,,,,,
R 510b | S 39/2 | J25,54,,,,,,,
"R 10b,1 | S 161/1 | A 55/1 ",55,,,,,,,
"R 10b,2 | S 161/2 | A 55/2 ",56,,,,,,,
R 580a | S 301/1 | N42/1,57,,,,,,,
R 601 | S 281 | N22,58,,,,,,,
R 315 | S 589 | B37,59,,,,,,,
R 322 | S 596 | B39,60,,,,,,,
[R 419] | S 596a | B49,61,,,,,,,
[R 422] | S 597b | B51,62,,,,,,,
"R 128,5 | S 463a | A37b",63,,,,,,,
"R 128,6 | S 463b | A37b",64,,,,,,,
R 10c | S 162 | A197,65,,,,,,,
"R 10c,1 | S 162/1 | A197/1",66,,,,,,,
"R 10c,2 | S 162/2 | A197/2",67,,,,,,,
"R 10c,3 | S 162/3 | A197/3",68,,,,,,,
R 538 | S 68 | L12,69,,,,,,,
R 46 | S 224 | A313,70,,,,,,,
R 271 | S 438 | A314,71,,,,,,,
R 478 | S 3 | I7,72,,,,,,,
R 478 | S 3 | I7,73,,,,,,,
R 478 | S 3 | I7,74,,,,,,,
R 478 | S 3 | I7,75,,,,,,,
R 478 | S 3 | I7,76,,,,,,,
R 478 | S 3 | I7,77,,,,,,,
R 478 | S 3 | I7,78,,,,,,,
R 478 | S 3 | I7,79,,,,,,,
R 478 | S 3 | I7,80,,,,,,,
R 478 | S 3 | I7,81,,,,,,,
R 478 | S 3 | I7,82,,,,,,,
R 478 | S 3 | I7,83,,,,,,,
R 478 | S 3 | I7,84,,,,,,,
R 478 | S 3 | I7,85,,,,,,,
R 478 | S 3 | I7,86,,,,,,,
R 478 | S 3 | I7,87,,,,,,,
R 478 | S 3 | I7,88,,,,,,,
R 478 | S 3 | I7,89,,,,,,,
R 478 | S 3 | I7,90,,,,,,,
R 478 | S 3 | I7,91,,,,,,,
R 478 | S 3 | I7,92,,,,,,,
R 478 | S 3 | I7,93,,,,,,,
S 162a,94,,,,,,,
S 166d,95,,,,,,,
S 164e,96,,,,,,,
R 105a,97,,,,,,,
S 701f,98,,,,,,,
R 496a | S 20/1 | J1,99,,,,,,,
R 508 | S 19 | J2,100,,,,,,,
R 18 | S 176 | S167,101,,,,,,,
R 18 | S 176 | S167,102,,,,,,,
R 526 | S 30 | J20,103,,,,,,,
R 526 | S 30 | J20,104,,,,,,,
R 526 | S 30 | J20,105,,,,,,,
R 526 | S 30 | J20,106,,,,,,,
R 526 | S 30 | J20,107,,,,,,,
R 526 | S 30 | J20,108,,,,,,,
R 526 | S 30 | J20,109,,,,,,,
R 12 | S 171a | A111a,110,,,,,,,
R 12 | S 171a | A111a,111,,,,,,,
R 12 | S 171a | A111a,112,,,,,,,
R 12 | S 171a | A111a,113,,,,,,,
R 12 | S 171a | A111a,114,,,,,,,
R 489 | S 13/1 | I3,115,,,,,,,
R 581b | S 305/2 | N35,116,,,,,,,
R 538 | S 68 | L12,117,,,,,,,
R 547 | 80 | L2,118,,,,,,,
R 627a | S 299/1 | N39/1,119,,,,,,,
R 480 | S 5 | I1,120,,,,,,,
,121,,,,,,,
R 642 | S 342 | K9,122,,,,,,,
R 440 | S 113a | G27,123,,,,,,,
R 440 | S 113a | G27,124,,,,,,,
R 440 | S 113a | G27,125,,,,,,,
R 477 | S 2 | I4,126,,,,,,,
R 612 | S 320 | N62,127,,,,,,,
R 570b | S 276/1 | N12,128,,,,,,,
"R 3b,6 | S 141,6 | A173,6",129,,,,,,,
R 128 | 464 | A37b,130,,,,,,,
R 609a | S 297/1 | N34,131,,,,,,,
R 531 | S 33 | J16,132,,,,,,,
R 531 | S 33 | J16,134,,,,,,,
R 381/2,135,,,,,,,
R 578a | 270/1 | N14,136,,,,,,,
R 619 | S 325 | N65,137,,,,,,,
"R 542,3 | S 72/3 | M4",138,,,,,,,
R 522 | S 64 | J49,139,,,,,,,
R 58 | S 198 | A303,140,,,,,,,
R 72 | S 506a | A286a,141,,,,,,,
R 354 | S 632 | B35,142,,,,,,,
R 354 | S 632 | B35,143,,,,,,,
R 354 | S 632 | B35,144,,,,,,,
R 354 | S 632 | B35,145,,,,,,,
R 354 | S 632 | B35,146,,,,,,,
R 569b | S 281/2 | N11,147,,,,,,,
R 578 | S 270 | N14 ,148,,,,,,,
R 5 | S 144 | A118,149,,,,,,,
R 91 | S 252b | A14,150,,,,,,,
R 564a | S81a | M25,151,,,,,,,
,152,,,,,,,
,153,,,,,,,
,154,,,,,,,
,155,,,,,,,
S 378 | D18,156,,,,,,,
,157,,,,,,,
,158,,,,,,,
R 82 | S 201 | A320,159,,,,,,,
,160,,,,,,,
,161,,,,,,,
R 345,162,,,,,,,
R 77 | S 197 | A277,163,,,,,,,
,164,,,,,,,
R 486 | S 10 | J18,165,,,,,,,
R 3b | S 141 | A173,166,,,,,,,
R 3b | S 141 | A173,167,,,,,,,
R 3b | S 141 | A173,168,,,,,,,
R 3b | S 141 | A173,169,,,,,,,
R 3b | S 141 | A173,170,,,,,,,
R 3b | S 141 | A173,171,,,,,,,
"R 6,1 | S 154/1 | A281/1",172,,,,,,,
"R 6,2 | S 154/2 | A281/2",173,,,,,,,
R 543 | S 73 | M19,174,,,,,,,
R 661 | S 696 | A337,175,,,,,,,
R 661 | S 696 | A337,176,,,,,,,
R 35 | S 212/1 | A84a,177,,,,,,,
R 530 | S 52 | J35,178,,,,,,,
"R 68,1 | S. 183/1 | A216/1",180,,,,,,,
R 69 | S 184 | A229,181,,,,,,,
(R 14) | S 172a/4 | A61/4,182,,,,,,,
R 67 | S 182 | A215,183,,,,,,,
R 57b | S 174 | A186,184,,,,,,,
"R 106,1 | S 244/1 | A132/1",186,,,,,,,
R 663 | S 695 | Q10,187,,,,,,,
R 40 | S 218 | A119,188,,,,,,,
R 294 | S 458 | A51,189,,,,,,,
R 293 | S 413a | A138,190,,,,,,,
R 293 | S 413a | A138,191,,,,,,,
R 161 | S 487 | A110,192,,,,,,,
(R 231) | S 700a | A113,193,,,,,,,
R 660 | S 697 | A90,194,,,,,,,
R 284 | S 451 | A68,195,,,,,,,
R 98 | S 694 | Q8,196,,,,,,,
-,197,,,,,,,
R 89 | S 253 | A169,198,,,,,,,
R 572b | S 284/2 | N25,199,,,,,,,
R 169 | S 409 | A237,200,,,,,,,
R 596a | S 294/1 | N33,201,,,,,,,
R 102 | S 250 | A86,202,,,,,,,
"R 102,1 | S 250/1 | A86/1",203,,,,,,,
"R 102,2 | S 250/2 | A86/2",204,,,,,,,
R 583 | S 302 | N45,205,,,,,,,
R 266 | S 433 | A199,206,,,,,,,
R 272 | S 439 | A200,207,,,,,,,
R 157 | S 403 | A137,208,,,,,,,
R 157 | S 403 | A137,209,,,,,,,
R 157 | S 403 | A137,210,,,,,,,
R 52 | S 230 | A326,211,,,,,,,
R 61 | S 193 | -,212,,,,,,,
R 273 | S 440 | A204,213,,,,,,,
R 267 | S 434 | A187,214,,,,,,,
R 39 | S 217 | A317,215,,,,,,,
R 78 | S 199 | A305,216,,,,,,,
"R 10 e,6 | S 163/6 | A283/6",217,,,,,,,
R 95 | S 237 | A236,218,,,,,,,
"R 106,2 | S 244/2 | A132/2",219,,,,,,,
R 661 | S 696 | A337,220,,,,,,,
R 117 | S 386 | A125,221,,,,,,,
R 117 | S 386 | A125,222,,,,,,,
R 117 | S 386 | A125,223,,,,,,,
R 265 | S 432 | A240,224,,,,,,,
S 164g,225,,,,,,,
"R 598 | S 295 | N28
R 599a | S 309 | N36
R 601, R 596a",226,,,,,,,
R 598 | S 295 | N28,227,,,,,,,
R 599a | S 309 | N36,228,,,,,,,
R 571a | S 283/1 | N24,229,,,,,,,
R 38 | S 216 | A325,230,,,,,,,
R 25 | S 181 | A290,231,,,,,,,
R 25 | S 181 | A290,232,,,,,,,
R 25 | S 181 | A290,233,,,,,,,
R 74 | S 188 | A300,234,,,,,,,
R 74 | S 188 | A300,235,,,,,,,
R 46 | S 244 | A313,236,,,,,,,
R 79 | S 203 | A322,237,,,,,,,
R 79 | S 203 | A322,238,,,,,,,
"R 14,3 | S 173/3 | S 166x | A158/3",239,,,,,,,
R 515 | S 58 | J40,240,,,,,,,
,241,,,,,,,
R 507 | S 51 | J34,242,,,,,,,
R 72 | S 506a | A286a,243,,,,,,,
R 512 | S 62 | J47,244,,,,,,,
R 398 (557),245,,,,,,,
R 383,246,,,,,,,
R 391,247,,,,,,,
R 405,248,,,,,,,
R 391,249,,,,,,,
R 355 | S 257 | C1,250,,,,,,,
R 607 | S 287 | N19,251,,,,,,,
S 166g,252,,,,,,,
R 304 | S 619 | B59,253,,,,,,,
R 304 | S 619 | B59,254,,,,,,,
R 461 | S 127 | D3,255,,,,,,,
R 634 | S 338 | N66,256,,,,,,,
R 128 | S 464 | A37c,257,,,,,,,
"R 128,3 | S 464/3 | A37c/3",258,,,,,,,
"R 128,4 | S 464/4 | A37c/4",259,,,,,,,
"R 128,8 | S 464/8 | A37c/8",260,,,,,,,
"R 128,98 | S 464/9 | A37c/9",261,,,,,,,
R 634 | S 338 | N66,262,,,,,,,
S 485b,263,,,,,,,
,264,,,,,,,
R 383 | S 262 | E20,265,,,,,,,
"R 390,1 | S 268/1 | E41",266,,,,,,,
R 386 | S 265 | E32,267,,,,,,,
R 184 | S 517 | A202/3,268,,,,,,,
R 184 | S 517 | A202/3,269,,,,,,,
R 183 | S 516 | A202/1,270,,,,,,,
R 664 | S 516a | A202/2,271,,,,,,,
R 539 | S 69/1 | L8,272,,,,,,,
"R 638,4 | S 345/3a | L14",273,,,,,,,
R 644b | S 685 | N47,274,,,,,,,
R 48b | S 521 | A164b,275,,,,,,,
"R 390,2 (429,1) | S 268/2 | E7",277,,,,,,,
R 616 | S 324 | N50,278,,,,,,,
R 187 | S 520 | A201,279,,,,,,,
R 160 | S 405 | A140,280,,,,,,,
R 227 | S 417 | A232,281,,,,,,,
R 70 | S 185 | A226,282,,,,,,,
R 410 | S 679 | F1,283,,,,,,,
R 410 | S 679 | F1,284,,,,,,,
"R 211,3 | S 541/3 | A103/3",285,,,,,,,
R 270 | S 437 | A284,286,,,,,,,
"R 411a,b (487)",287,,,,,,,
R 411b | S 667 | E23,288,,,,,,,
R 411a | S 678 | F3,289,,,,,,,
R 607 | S 287 | N19,290,,,,,,,
R 595 | S 312 | N51,291,,,,,,,
,292,,,,,,,
,293,,,,,,,
R 96 | S 238 | A169,294,,,,,,,
"R 609b | S 297/2 | N34
R 612 | S 320 | N62",295,,,,,,,
R 609b | S 297/2 | N34,296,,,,,,,
R 571b | S 283/2 | N24,297,,,,,,,
"R 575b | S 288/2 | N7
R 600 | S 310 | N20",298,,,,,,,
R 575b | S 288/2 | N7,299,,,,,,,
R 600 | S 310 | N20,300,,,,,,,
R 168 | S 491 | A235,301,,,,,,,
"R 72 | S 506a | A286a 
R 350 | S 582 | B53",302,,,,,,,
R 350 (R 72),303,,,,,,,
R 350 (R 72),304,,,,,,,
R 72,305,,,,,,,
"R 72,8 | S 506a | A286a [Klavier]
R 72,6 | S 669a | A286b [Orgel]",306,,,,,,,
R 316 | S 590 | B20,307,,,,,,,
R 107 | S 241 | A11,308,,,,,,,
--,309,,,,,,,
R 126 | S 389 | A177,310,,,,,,,
R 138 | S 472 | D5,311,,,,,,,
R 177 | S 498 | A316,312,,,,,,,
R 177 | S 498 | A316,313,,,,,,,
R 177 | S 498 | A316,314,,,,,,,
R 177 | S 498 | A316,315,,,,,,,
"R 560,3 | S 89a/2 | M10",316,,,,,,,
"R 278,2 | S 445 | A176",317,,,,,,,
,318,,,,,,,
R 356 | S 258 | C18,319,,,,,,,
R 223 | S 414 | A165,320,,,,,,,
R 426 | S 109 | G14,321,,,,,,,
R 426 | S 109 | G14,322,,,,,,,
R 426 | S 109 | G14,323,,,,,,,
R 426 | S 109 | G14,324,,,,,,,
R 426 | S 109 | G14,325,,,,,,,
"R 238,2 | S 553/2 | A141/2",326,,,,,,,
"R 238,2 | S 553/2 | A141/2",327,,,,,,,
"R 238,2 | S 553/2 | A141/2",328,,,,,,,
R 264 | S 431 | A149,329,,,,,,,
R 280 | S 447 | A239,330,,,,,,,
"R 287,1 | S 445/1 | A176/1",331,,,,,,,
"R 287,1 | S 445/1 | A176/1",332,,,,,,,
R 145 | S 480 | A193,333,,,,,,,
R 145 | S 480 | A193,334,,,,,,,
R 145 | S 480 | A193,335,,,,,,,
R 145 | S 480 | A193,336,,,,,,,
R 145 | S 480 | A193,337,,,,,,,
R 145 | S 480 | A193,338,,,,,,,
R 145 | S 480 | A193,339,,,,,,,
R 255 | S 567 | A212,340,,,,,,,
"R 255,1 | S 567/1 | A212/1",341,,,,,,,
"R 255,2 | S 567/2 | A212/2",342,,,,,,,
R 256 | S 568 | A257,343,,,,,,,
R 174 | S 495 | A211/2,344,,,,,,,
R 173 | S 494 | A221/1,345,,,,,,,
R 287 | S 454 | A150,346,,,,,,,
R 141 | S 396 | A178,347,,,,,,,
R 140 | S 474 | A30,348,,,,,,,
R 291 | S 577 | A87,349,,,,,,,
R 291 | S 577 | A87 [Nr. 1],350,,,,,,,
R 291 | S 577 | A87 [Nr. 2],351,,,,,,,
R 291 | S 577 | A87 [Nr. 3],352,,,,,,,
R 114 | S 461/461i | A217,353,,,,,,,
R 118 | S 387 | A144,354,,,,,,,
R 118 | S 387 | A144,355,,,,,,,
R 118 | S 387 | A144,356,,,,,,,
R 118 | S 387 | A144,357,,,,,,,
R 394 | S 668a | E27/2a,358,,,,,,,
R 463 | S 382 | D21,360,,,,,,,
R 191 | S 499 | A307,361,,,,,,,
R 124 | S 469 | A162,362,,,,,,,
R 124 | S 469 | A162,363,,,,,,,
R 124 | S 469 | A162,364,,,,,,,
R 124 | S 469 | A162,365,,,,,,,
R 124 | S 469 | A162,366,,,,,,,
R 124 | S 469 | A162,367,,,,,,,
R 124 | S 469 | A162,368,,,,,,,
,369,,,,,,,
R 651/1 | S 375 | N63,370,,,,,,,
R 651/2 | S 375 | N63,371,,,,,,,
R 637 | S 344 | N79,372,,,,,,,
R 436 | S 116 | G23,373,,,,,,,
R 572b | S 284/2 | N25,374,,,,,,,
R 325 | S 599 | B15,375,,,,,,,
R 165 | S 490 | A298,376,,,,,,,
R 37/3 | S 695e | Q21,377,,,,,,,
"R 501/2 | S 35 | J17

im Raabe Katalog 501b",378,,,,,,,
R 9 | S 157 | A21,379,,,,,,,
,380,,,,,,,
S 164d,381,,,,,,,
S 167g,382,,,,,,,
R 659 | S 686 | P4,383,,,,,,,
"R 279,3 | S 446/3 | A185/3",384,,,,,,,
R 221 | S 412/1 | A35,385,,,,,,,
"R 128,7 | S 463d | A37b",386,,,,,,,
R 582b | S 292b | N32,387,,,,,,,
"R 582b,1 | S 292b/1 | N32",388,,,,,,,
"R 582b,2 | S 292b/2 | N32",389,,,,,,,
"R 582b,3 | S 292b/3 | N32",390,,,,,,,
"R 81,1 | S 200/1 | A319a",391,,,,,,,
R 593b | S 269/2 | N1,392,,,,,,,
R 135 | S 470a/1 | A16b,393,,,,,,,
R 139 | S 473/2 | A29b,394,,,,,,,
R 142 | S 475 | A205 ,395,,,,,,,
R 175 | S 497 | A323,396,,,,,,,
R 159 | S 404 | A160,397,,,,,,,
"R 55 | S 523 | A248
",398,,,,,,,
R 572b | S 284/2 | N25,399,,,,,,,
R 601 | S 281 | N22,400,,,,,,,
R 599b | S 309bis | N36,401,,,,,,,
R 185 | S 518 | A225,402,,,,,,,
R 181 | S 514 | A189,403,,,,,,,
R 608 | S 289/2 | N29/2,404,,,,,,,
R 590 | S 314 | N49,405,,,,,,,
R 579a | S 280/1 | N23,406,,,,,,,
R 591b | S 273/2 | N5,407,,,,,,,
,408,,,,,,,
"R 465,1 (487)",409,,,,,,,
"R 465,1 (487)",410,,,,,,,
"R 465,2 (487)",411,,,,,,,
"R 465,2 (487)",412,,,,,,,
R 629 | S 332 | N73,413,,,,,,,
[R 106/12] | S 379a,414,,,,,,,
R 213 | S 534 | A81d,415,,,,,,,
"R 72,5 | S 504b/6 | A286a/7",416,,,,,,,
R 325 | S 599 | B15,417,,,,,,,
R 303 | S 607 | B21,418,,,,,,,
"R 309,4 [?]",419,,,,,,,
"R 309,2 [?]",420,,,,,,,
"R 309,3 [?]",421,,,,,,,
R 673 | S 701 | N15,422,,,,,,,
"[106,2] ??",423,,,,,,,
R 618c | S 274/3 | N6,424,,,,,,,
R 619 | S 325 | N65,425,,,,,,,
R 658 | S 350 | P6,426,,,,,,,
R 591a | S 273/1 | N5,427,,,,,,,
"R 309,5 [?]",428,,,,,,,
"R 309,6 [?]",429,,,,,,,
"R 338,1 | S 581/1 | B31/1",430,,,,,,,
"R 338,1 | S 581/1 | B31/1",431,,,,,,,
"R 338,2 | S 581/2 | B31/2",432,,,,,,,
"R 338,2 | S 581/2 | B31/2",433,,,,,,,
R 581a | S 305/1 | N35,434,,,,,,,
"R 246,7",435,,,,,,,
"R 245,10 | 
S 560",436,,,,,,,
R 552 | S 82 | M16,437,,,,,,,
R 525 | S 63 | J48,438,,,,,,,
,439,,,,,,,
,440,,,,,,,
,441,,,,,,,
,442,,,,,,,
,443,,,,,,,
,444,,,,,,,
,445,,,,,,,
,446,,,,,,,
,447,,,,,,,
,448,,,,,,,
,449,,,,,,,
,450,,,,,,,
,451,,,,,,,
,452,,,,,,,
,453,,,,,,,
"R 560,2 | S 90/2b | M7/2",454,,,,,,,
"R 560,10 | S 90/10a | M6/1",456,,,,,,,
"R 560,10 | S 90/10a | M6/1",457,,,,,,,
"R 560,10 | S 90/10a | M6/1",458,,,,,,,
"R 560,7 | S 90/7a | M18",459,,,,,,,
R 329 | S 603 | B21/3,460,,,,,,,
R 528 | S 66 | J51,461,,,,,,,
R 506 | S 18 | J4,462,,,,,,,
"R 506,2 | S 18/2 | J4/1",463,,,,,,,
"R 506,5 | S 18/5 | J4/4",464,,,,,,,
R 328 | S 602 | B21/2,465,,,,,,,
R 327 | S 601 | B21/1,466,,,,,,,
"R 560,3 | S 90/3b | M10/2",467,,,,,,,
R 314 | S 624 | B8,468,,,,,,,
R 559 | S 89 | M34a,469,,,,,,,
"R 560,1 | S 90/1b | M31/2",470,,,,,,,
"R 560,1 | S 90/1a | M31/1",471,,,,,,,
R 544 | S 75/2 | M12/2,472,,,,,,,
R 544 | S 75/2 | M12/2,473,,,,,,,
R 564 | S 94 | M38,474,,,,,,,
R 324 | S 598 | B55,475,,,,,,,
R 349 | S 628 | B10,476,,,,,,,
R 325 | S 599 | B15,477,,,,,,,
R 305 | S 610 | B46,478,,,,,,,
R 423 | S 106 | G15,479,,,,,,,
"R 10b,1 | S 161 | A55",480,,,,,,,
R 362 | S 640 | C13,481,,,,,,,
R 363 | S 641 | C7,482,,,,,,,
R 366 | S 644 | C22,483,,,,,,,
R 500 | S 44 | J31,484,,,,,,,
R 369 | S 647 | C19,485,,,,,,,
"R 370,1 | S 648 | C20",486,,,,,,,
"R 370,2 | S 648 | C20",487,,,,,,,
"R 370,2 | S 648 | C20",488,,,,,,,
"R 370,2 | S 648 | C20",489,,,,,,,
R 319 | S 593 | B18,490,,,,,,,
,491,,,,,,,
,492,,,,,,,
(R 579a) | S 166n | A134,493,,,,,,,
,494,,,,,,,
,495,,,,,,,
,496,,,,,,,
,497,,,,,,,
R 423,498,,,,,,,
R 557 | S 87 | L10,499,,,,,,,
R 557 | S 87 | L10,500,,,,,,,
R 557 | S 87 | L10,501,,,,,,,
R 557 | S 87 | L10,502,,,,,,,
R 557 | S 87 | L10,503,,,,,,,
R 32b,504,,,,,,,
R 155 | S 401 | A88a,505,,,,,,,
R 262 | S 429 | A293,506,,,,,,,
R 484 | S 9 | I2,507,,,,,,,
R 423 | S 106 | G15,508,,,,,,,
S 298a | N38,509,,,,,,,
R 76 | S 196/195a | A266,510,,,,,,,
"R 76 | S 196/195a | A266
R 471 | S 130 | D13 ",511,,,,,,,
R 76 | S 196/195a | A266,512,,,,,,,
R 471 | S 130 | D13 ,513,,,,,,,
R 471 | S 130 | D13 ,514,,,,,,,
R 472 | S 131 | D14,515,,,,,,,
R 642 | S 342 | K9,516,,,,,,,
R 18 | S 176 | A167,517,,,,,,,
R 480 | S 5 | I1,518,,,,,,,
R 480 | S 5 | I1,519,,,,,,,
R 480 | S 5 | I1,520,,,,,,,
R 455 | S 124 | H4,521,,,,,,,
R 380 | S 259 | E1,522,,,,,,,
R 374 | S 652 | C24,523,,,,,,,
R 373 | S 651 | C23,524,,,,,,,
R 306 | S 609 | B32,525,,,,,,,
R 412 | S 95 | G1,526,,,,,,,
"R 412 | S 95 | G1
R 357 | S 635 | C9",527,,,,,,,
R 413 | S 96 | G2,528,,,,,,,
"R 429,3 | S 112/3 | G25",529,,,,,,,
R 414 | S 97 | G3,530,,,,,,,
R 415 | S 98 | G9,531,,,,,,,
R 416 | S 99 | G6,532,,,,,,,
R 418 | S 101 | G10,533,,,,,,,
R 418 | S 101 | G10,534,,,,,,,
R 418 | S 101 | G10,536,,,,,,,
R 418 | S 101 | G10,537,,,,,,,
R 418 | S 101 | G10,538,,,,,,,
R 14/9 | S 173 | A158,539,,,,,,,
R 5 | S 144 | A118,540,,,,,,,
R 225 | S 416 | A79,541,,,,,,,
R 105c/20 | S 242 | A60b und A132,542,,,,,,,
R 52 | S 230 | A326,543,,,,,,,
,544,,,,,,,
,545,,,,,,,
R 381 | S 260/1 | E3,546,,,,,,,
R 72 | S 506a | A286a,547,,,,,,,
R 245/3 | S 560/3 | A49,548,,,,,,,
R 333 | S 612 | B36,549,,,,,,,
R 98 | S 694 | Q8,550,,,,,,,
-,551,,,,,,,
R 180 | S 513 | A190,552,,,,,,,
R 72 | S 506a | A286a,553,,,,,,,
R 72/8 | S 506a | A286a,554,,,,,,,
R 72/4 | S 506a | A286a,555,,,,,,,
R 479 | S 4 | I8,556,,,,,,,
?,557,,,,,,,
,558,,,,,,,
R 645 | S 372 | N32,559,,,,,,,
"R 645,1 | S 372 | N32",560,,,,,,,
"R 645,2 | S 372 | N32",561,,,,,,,
"R 645,3 | S 372 | N32",562,,,,,,,
"R 651,5 | S 375 | N63",563,,,,,,,
"R 651,5 | S 375 | N63",564,,,,,,,
R 650 | S 374 | N62,565,,,,,,,
R 105d | S 243 | A60d ,566,,,,,,,
R 557d | S 87 | L10,567,,,,,,,
R 479 | S 4 | I8,568,,,,,,,
R 477 | S 2 | I4,569,,,,,,,
R 477 | S 2 | I4,570,,,,,,,
R 477 | S 2 | I4,571,,,,,,,
R 477 | S 2 | I4,572,,,,,,,
R 477 | S 2 | I4,573,,,,,,,
R 477 | S 2 | I4,574,,,,,,,
R 477 | S 2 | I4,575,,,,,,,
"R 498 [nach R 10 b,1] | S 60 | J44",576,,,,,,,
R 502 | S 36 | J21,577,,,,,,,
R 502 | S 36 | J21,578,,,,,,,
R 502 | S 36 | J21,579,,,,,,,
R 458 | S 123 | H12,580,,,,,,,
R 539 | S 69 | L8,581,,,,,,,
R 539 | S 69 | L8,582,,,,,,,
R 539 | S 69 | L8,583,,,,,,,
R 539 | S 69 | L8,584,,,,,,,
R 539 | S 69 | L8,585,,,,,,,
R 539 | S 69 | L8,586,,,,,,,
R 478 | S 3 | I7,587,,,,,,,
R 478 | S 3 | I7,588,,,,,,,
R 478 | S 3 | I7,589,,,,,,,
R 478 | S 3 | I7,590,,,,,,,
R 478 | S 3 | I7,591,,,,,,,
R 478 | S 3 | I7,592,,,,,,,
R 478 | S 3 | I7,593,,,,,,,
R 478 | S 3 | I7,594,,,,,,,
R 478 | S 3 | I7,595,,,,,,,
R 478 | S 3 | I7,596,,,,,,,
R 478 | S 3 | I7,597,,,,,,,
R 478 | S 3 | I7,598,,,,,,,
R 478 | S 3 | I7,599,,,,,,,
R 478 | S 3 | I7,600,,,,,,,
R 586 | S 293 | N37,601,,,,,,,
R 586a | S 293/1 | N37,602,,,,,,,
R 586b | S 293/2 | N37,603,,,,,,,
R - | S 67a | L6,604,,,,,,,
R 549 | S 79 | M14,605,,,,,,,
R 549 | S 79 | M14,606,,,,,,,
R 549 | S 79 | M14,607,,,,,,,
R 585 | S 300 | N40,608,,,,,,,
R 548 | S 81 | L3,609,,,,,,,
R 548 | S 81 | L3,610,,,,,,,
R 548 | S 81 | L3,611,,,,,,,
"R 547,1 | S 80 | L2",612,,,,,,,
"R 547,3 | S 80 | L2",613,,,,,,,
"R 547,4 | S 80 | L2",614,,,,,,,
"R 547,4 | S 80 | L2",615,,,,,,,
R 508 | S 19 | J2,616,,,,,,,
R 555 | S 85/2 | M29,617,,,,,,,
R - | S 164e | -,618,,,,,,,
S 166j,619,,,,,,,
R 420 | S 103 | G13,620,,,,,,,
R 420 | S 103 | G13,621,,,,,,,
R 421 | S 104 | G22,622,,,,,,,
R 671 | S 688 | Q17,623,,,,,,,
R 671 | S 688 | Q17,624,,,,,,,
R 671 | S 688 | Q17,625,,,,,,,
R 671 | S 688 | Q17,626,,,,,,,
R 330 | S 604 | B28,627,,,,,,,
"R 186,1 | S 519 | A302",628,,,,,,,
"R 186,2 | S 519 | A302",629,,,,,,,
R 671 | S 688 | Q17,630,,,,,,,
R 430 | S 113 | G28,631,,,,,,,
R 430 | S 113 | G28,632,,,,,,,
R 430 | S 113 | G28,633,,,,,,,
R 430 | S 113 | G28,634,,,,,,,
R 430 | S 113 | G28,635,,,,,,,
R 430 | S 113 | G28,636,,,,,,,
R 430 | S 113 | G28,637,,,,,,,
R 484,638,,,,,,,
R 522 | S 64 | J49,639,,,,,,,
R 149 | S 484 | A170,640,,,,,,,
R 149 | S 484 | A170,641,,,,,,,
R 149 | S 484 | A170,642,,,,,,,
R 149 | S 484 | A170,643,,,,,,,
R 149 | S 484 | A170,644,,,,,,,
R 149 | S 484 | A170,645,,,,,,,
R 149 | S 484 | A170,646,,,,,,,
R 149 | S 484 | A170,647,,,,,,,
R 149 | S 484 | A170,648,,,,,,,
R 149 | S 484 | A170,649,,,,,,,
R 149 | S 484 | A170,650,,,,,,,
R 149 | S 484 | A170,651,,,,,,,
R 149 | S 484 | A170,652,,,,,,,
R 149 | S 484 | A170,653,,,,,,,
R 149 | S 484 | A170,654,,,,,,,
R 149 | S 484 | A170,655,,,,,,,
R 149 | S 484 | A170,656,,,,,,,
R 149 | S 484 | A170,657,,,,,,,
R 149 | S 484 | A170,658,,,,,,,
R 149 | S 484 | A170,659,,,,,,,
R 149 | S 484 | A170,660,,,,,,,
R 149 | S 484 | A170,661,,,,,,,
R 149 | S 484 | A170,662,,,,,,,
R 149 | S 484 | A170,663,,,,,,,
R 149 | S 484 | A170,664,,,,,,,
R 149 | S 484 | A170,665,,,,,,,
"R 382,R 409,R 401,R 400,R 407",666,,,,,,,
R 382 | S 673 | E17,667,,,,,,,
R 409 | S 677 | F2,668,,,,,,,
R 401 | S 659 | E14,669,,,,,,,
R 400 | S 658 | E15,670,,,,,,,
R 407 | S 676 | E10,671,,,,,,,
R 442 | S 355 | G30,672,,,,,,,
R 432 | S 114 | G20,673,,,,,,,
R 487 | S 11 | I9,675,,,,,,,
R 487 | S 11 | I9,676,,,,,,,
R 487 | S 11 | I9,677,,,,,,,
R 487 | S 11 | I9,678,,,,,,,
R 487 | S 11 | I9,679,,,,,,,
R 667 | S 690 | Q1,680,,,,,,,
R 667 | S 690 | Q1,681,,,,,,,
R 667 | S 690 | Q1,682,,,,,,,
,683,,,,,,,
R 357 | S 635 | C9,684,,,,,,,
R 358 | S 636 | C10,685,,,,,,,
R 361 | S 639 | C14,686,,,,,,,
R 363 | S 641 | C7,687,,,,,,,
R 364 | S 642 | C15,688,,,,,,,
R 489 | S 13 | I3,689,,,,,,,
R 490 | S 14 | I5,690,,,,,,,
R 491 | S 15 | J10,691,,,,,,,
R 491a | S 15bis | -,692,,,,,,,
R 563 | S 93 | L17,693,,,,,,,
R 563 | S 93 | L17,694,,,,,,,
R 563 | S 93 | L17,695,,,,,,,
"R 106,18 | S 244 | A132",696,,,,,,,
"R 106,18 | S 244 | A132",697,,,,,,,
R 389 | S 672c/5 | E30,698,,,,,,,
R 473 | S 378i | D15,699,,,,,,,
S 160/4bis | A159/4 ,700,,,,,,,
,701,,,,,,,
S 700f | Q4 ,702,,,,,,,
,703,,,,,,,
R 492b | S 16/2 | J45,704,,,,,,,
"R 560,9 | S 89a/7 | M8",705,,,,,,,
,706,,,,,,,
R 508 | S 19 | J2,707,,,,,,,
R 509 | S 63 | J46,708,,,,,,,
R 509 | S 63 | J46,709,,,,,,,
R 509 | S 63 | J46,710,,,,,,,
R 509 (?),711,,,,,,,
R 492a | S 16/1 | K6,712,,,,,,,
R 534 | S 504a | A287,713,,,,,,,
R 138 | S 472 | D5,714,,,,,,,
R 2a/1 | S 137 | A39,715,,,,,,,
R 467b | S 132 | D16b,716,,,,,,,
R 538 | S 68 | L12,717,,,,,,,
(R 415 | S 98 | G9) S 167d,718,,,,,,,
(R 3a / 4),719,,,,,,,
R 421 | S 104 | G22,720,,,,,,,
R 492a | S 16/1 | K6,721,,,,,,,
R 557f | S 87 | L10,722,,,,,,,
R 2a/7 | S 137 | A39,723,,,,,,,
"R 106,2 | S 244 | A132",724,,,,,,,
"R 17,2 | S 175 | A219",725,,,,,,,
R - | S 306a | N13,726,,,,,,,
"R 106,18 | S 244 | A132",727,,,,,,,
R 632 | S 336 | N77,728,,,,,,,
R 64/1,729,,,,,,,
"R 64,1 (?) | S 164",730,,,,,,,
"R 106,15 | S 244 | A132",731,,,,,,,
"[R 106,15]
R 105b/13",732,,,,,,,
R 194 + R 640,733,,,,,,,
R 194 | S 545 | A308,734,,,,,,,
R 640 | S 341 | K8,735,,,,,,,
R 493 | S 17 | K2 ,736,,,,,,,
R 493 | S 17 | K2 ,737,,,,,,,
R 493 | S 17 | K2 ,738,,,,,,,
"R 482,1 | S 6 | L15",739,,,,,,,
R 482 | S 6 | L15,740,,,,,,,
R 537 | S 67 | L1,741,,,,,,,
R 538,742,,,,,,,
R 5 | S 144 | A118,743,,,,,,,
R 5 | S 144 | A118,744,,,,,,,
R 5 | S 144 | A118,745,,,,,,,
R 5 | S 144 | A118,746,,,,,,,
R 269 | S 436 | A276,747,,,,,,,
R 427 | S 110 | G16,748,,,,,,,
R 419 | S 102 | G4,749,,,,,,,
R 432 | S 114 | G20,750,,,,,,,
R 57a | S 174 | A186,751,,,,,,,
R 430 | S 113 | G28,752,,,,,,,
R 429 | S 112/1 | G25,753,,,,,,,
R 646 | S 373 | EM -,754,,,,,,,
R 655 | S 347 | P2,755,,,,,,,
R 655 | S 347 | P2,756,,,,,,,
R 495a | S 46/1,757,,,,,,,
,758,,,,,,,
R 518b (?) | S 21/1,759,,,,,,,
R 14/8 | S 173/8,760,,,,,,,
R 533 | S 24,761,,,,,,,
R 643 | S 343 | K7,762,,,,,,,
R 587 | S 307 | N18/1,763,,,,,,,
R 589 | S 298 | N18/3,764,,,,,,,
R 622 | S 329,765,,,,,,,
R 15 | S 170,766,,,,,,,
R 49 | S 228,767,,,,,,,
,768,,,,,,,
R 591a | S 273/1,769,,,,,,,
R 424 | S 107,770,,,,,,,
R 499 | S 34/2,771,,,,,,,
R 391 | S 664,772,,,,,,,
R 391 | S 261,773,,,,,,,
R 654 | 346,774,,,,,,,
,775,,,,,,,
R 71 | S 186 | A267,776,,,,,,,
R 71 | S 186 | A267,777,,,,,,,
R 71 | S 186 | A267,778,,,,,,,
R 71 | S 186 | A267,779,,,,,,,
R 71 | S 186 | A267,780,,,,,,,
R 71 | S 186 | A267,781,,,,,,,
R 71 | S 186 | A267,782,,,,,,,
R 71 | S 186 | A267,783,,,,,,,
R 71 | S 186 | A267,784,,,,,,,
R 71 | S 186 | A267,785,,,,,,,
R 71 | S 186 | A267,786,,,,,,,
R 71 | S 186 | A267,787,,,,,,,
R 307 | S 613 | B43,788,,,,,,,
R 307 | S 613 | B43,789,,,,,,,
R 307 | S 613 | B43,790,,,,,,,
R 307 | S 613 | B43,791,,,,,,,
R 307 | S 613 | B43,792,,,,,,,
R 307 | S 613 | B43,793,,,,,,,
R 307 | S 613 | B43,794,,,,,,,
R 307 | S 613 | B43,795,,,,,,,
R 307 | S 613 | B43,796,,,,,,,
R 307 | S 613 | B43,797,,,,,,,
R 307 | S 613 | B43,798,,,,,,,
R 307 | S 613 | B43,799,,,,,,,
S 241a | A180,800,,,,,,,
S 241a | A180,801,,,,,,,
S 241a | A180,802,,,,,,,
S 241a | A180,803,,,,,,,
S 241a | A180,804,,,,,,,
S 241a | A180,805,,,,,,,
S 241a | A180,806,,,,,,,
S 241a | A180,807,,,,,,,
S 241a | A180,808,,,,,,,
S 241a | A180,809,,,,,,,
S 241a | A180,810,,,,,,,
S 241a | A180,811,,,,,,,
S 241a | A180,812,,,,,,,
S 241a | A180,813,,,,,,,
S 241a | A180,814,,,,,,,
S 241a | A180,815,,,,,,,
S 241a | A180,816,,,,,,,
S 241a | A180,817,,,,,,,
S 241a | A180,818,,,,,,,
S 241a | A180,819,,,,,,,
S 226,820,,,,,,,
S 315,821,,,,,,,
S 311,822,,,,,,,
,823,,,,,,,
,824,,,,,,,
S 322,825,,,,,,,
S 322,826,,,,,,,
,827,,,,,,,
R 568 | S 279 | N10 ,828,,,,,,,
,829,,,,,,,
,830,,,,,,,
,831,,,,,,,
S 107,832,,,,,,,
S 239/1,833,,,,,,,
R 259,834,,,,,,,
R 277,835,,,,,,,
R 277,836,,,,,,,
"R 441,4",837,,,,,,,
R 539,838,,,,,,,
R 539,839,,,,,,,
R 539,840,,,,,,,
R 539,841,,,,,,,
R 539,842,,,,,,,
R 539,843,,,,,,,
R 539,844,,,,,,,
[S 158d],845,,,,,,,
R 100,846,,,,,,,
R 426,847,,,,,,,
S 163a/2,848,,,,,,,
R 16,849,,,,,,,
"R 470
[R 106,9]",850,,,,,,,
R 656 | S 348 | P3,851,,,,,,,
R 593a,854,,,,,,,
"R 163,7",855,,,,,,,
,856,,,,,,,
R 75,857,,,,,,,
[R 592a],858,,,,,,,
R 392,859,,,,,,,
R 490 | S 14 | I5,860,,,,,,,
R 85,861,,,,,,,
"R 238,1 | S 553 | A141",862,,,,,,,
R 607,863,,,,,,,
R 539,864,,,,,,,
R 296 [sic!],865,,,,,,,
R 601,866,,,,,,,
R 649,867,,,,,,,
R 540 | S 70 | L9,868,,,,,,,
[R 388],869,,,,,,,
,870,,,,,,,
R 560/4,871,,,,,,,
R 560/5,872,,,,,,,
R 592a,873,,,,,,,
R 121[1],874,,,,,,,
R 244 | S 559,875,,,,,,,
R 441/6 | S 359/6 | G21/6,876,,,,,,,
R 250 (?),877,,,,,,,
R 454,878,,,,,,,
R 460 | | H10,879,,,,,,,
R 458,880,,,,,,,
R 324/3 | S 598/3 | B55/3,881,,,,,,,
,882,,,,,,,
R 538 | S 350a | L12,883,,,,,,,
,884,,,,,,,
,885,,,,,,,
R 143[b],886,,,,,,,
R 150,887,,,,,,,
R 150/1,888,,,,,,,
R 150/2,889,,,,,,,
R 150/3,890,,,,,,,
R 218,891,,,,,,,
R 218/1,892,,,,,,,
R 218/2,893,,,,,,,
R 460 (E/M H10),894,,,,,,,
(R 211/2) | (S 541/2) | (A103/2) ,895,,,,,,,
R 217/4 | S 547/4 | A72/4,896,,,,,,,
R 617 | S 315 | N 52,897,,,,,,,
R 252 | S 427 | A131,898,,,,,,,
R 252/1 | S 427/1 | A131/1,899,,,,,,,
R 252/2 | S 427/2 | A131/2,900,,,,,,,
R 252/3 | S 427/3 | A131/3,901,,,,,,,
R 252/4 | S 427/4 | A131/4,902,,,,,,,
R 252/5 | S 427/5 | A131/5,903,,,,,,,
R 252/6 | S 427/6 | A131/6,904,,,,,,,
R 252/7 | S 427/7 | A131/7,905,,,,,,,
R 252/8 | S 427/8 | A131/8,906,,,,,,,
R 252/9 | S 427/9 | A131/9,907,,,,,,,
R 14/8 | S 173/8 | A158/8,908,,,,,,,
R 23 | S 179 | A198,909,,,,,,,
R 560/1 | S 90/1 | M31,910,,,,,,,
,911,,,,,,,
R 44 | S 223 | A171,912,,,,,,,
R 455 | S 124 | H4,913,,,,,,,
R | S 307| N18,914,,,,,,,
R 457 | S 126 | H8,915,,,,,,,
R 457 | S 126 | H8,916,,,,,,,
R 457 | S 126 | H8,917,,,,,,,
R 457 | S 126 | H8,918,,,,,,,
R 457 | S 126 | H8,919,,,,,,,
R 457 | S 126 | H8,920,,,,,,,
R 457 | S 126 | H8,921,,,,,,,
R 126(2) | S 389(2) | A177(2),922,,,,,,,
R 60 | S 192 | A233,923,,,,,,,
R 60/1 | S 192/1 | A233,924,,,,,,,
R 60/2 | S 192/2 | A233,925,,,,,,,
R 60/3 | S 192/3 | A233,926,,,,,,,
R 60/4 | S 192/4 | A233,927,,,,,,,
R 228 | S 418 | A90,928,,,,,,,
R 228 | S 418 | A90,929,,,,,,,
R 252/6 | S 427/6 | A131,930,,,,,,,
R 352a | S 634a | B47,931,,,,,,,
R 578b/2 | S 270/2:2,932,,,,,,,
R 10/3 | S 163/3 | A 282,933,,,,,,,
R 167 | S 408 | A231,934,,,,,,,
R 335/2 | S 579/2 | B30,935,,,,,,,
R 402 | S 660 | E5,936,,,,,,,
R 253 | S 566 | A133,937,,,,,,,
R 647 | S 369 | N5,938,,,,,,,
R 591[/3] | S 273[/3] | N5[/3],939,,,,,,,
R 224/2 | S 415/2 | A230,940,,,,,,,
- | S 571a | -,941,,,,,,,
,942,,,,,,,
R 55 | S 523 | A248,943,,,,,,,
R 306 | S 609 | B32,944,,,,,,,
,945,,,,,,,
R 501 | S 35ter | J17,946,,,,,,,
R 501 | S 35ter | J17,947,,,,,,,
R 501 | S 35ter | J17,948,,,,,,,
R 490a | S 14 | I5,949,,,,,,,
R 464a | S 377a | D9,950,,,,,,,
R 464a | S 377a | D9,951,,,,,,,
R 310 | S 608 | B33,952,,,,,,,
,953,,,,,,,
S 757 | S57,954,,,,,,,
R 229 | S 550 | A220,955,,,,,,,
R 229[/1] | S 550[/1] | A220[/1],956,,,,,,,
R 229[/2] | S 550[/2] | A220[/2],957,,,,,,,
R 438 | S 118 | G33,958,,,,,,,
R 261 | S 573 | A258,959,,,,,,,
R 60/5 | S 192/5 | A233,960,,,,,,,
R 296 | S 255 | B48,961,,,,,,,
R 658 | S 350 | P6,962,,,,,,,
R 274 | S 441 | A259,963,,,,,,,
R 71/12 | S 186/12 | A267/12,964,,,,,,,
R 250/2iv | S 425/2iv | A48,965,,,,,,,
R 561 | S 91/1? | M36,966,,,,,,,
R 59(1) | S 191(1) | A 256,967,,,,,,,
R 76 | S 196/195a | A266,968,,,,,,,
R 394/1 | S 669/1 | E27,969,,,,,,,
R 394/1 | S 669/1 | E27/1,970,,,,,,,
R 388 | 187a | E28,971,,,,,,,
- | S 657a/2 | C28,972,,,,,,,
- | S 657a/3 | C29,973,,,,,,,
R 174 | S 495 | A211/2,974,,,,,,,
R 620 | S 327 | N68,975,,,,,,,
"R 176,II | S 496,II | A285,II",976,,,,,,,
"R 176,II | S 496,II | A285,II",977,,,,,,,
"R 176,II | S 496,II | A285,II",978,,,,,,,
R 652 | S 376 | L13,979,,,,,,,
R 494 | S 28 | J13,980,,,,,,,
R 494 | S 28 | J13,981,,,,,,,
R 494 | S 28 | J13,982,,,,,,,
R 66b | S 527 | A299,983,,,,,,,
R 37/1 | S 215/1 | A311/1,984,,,,,,,
R 106/16 | S 244/16 | A132/16,985,,,,,,,
R 492a | S 16(2) | J45,986,,,,,,,
R 45/1 | S 225/1 | A333/1,987,,,,,,,
R 385 | S 266 | E39,988,,,,,,,
R 37/4 | S 215 | A311,989,,,,,,,
R 147 | S 482 | A327,990,,,,,,,
R 144 | S 479 | A265,991,,,,,,,
- | S 166r/2 | -,992,,,,,,,
R 386 | S 265 | E32,993,,,,,,,
S 163:5,994,,,,,,,
R 243/8 | S 558/8 | A42/8,995,,,,,,,
R 60a | S 197a,996,,,,,,,
S 622,997,,,,,,,
S 452,998,,,,,,,
R 60b | S 214a |,999,,,,,,,
R 211a | S 542a | A194,1000,,,,,,,
R 596a | S 281/1 | N11/1,1001,,,,,,,
R 612 | S 320 | N62,1002,,,,,,,
R 606 | S 296 | N31,1003,,,,,,,
,1004,,,,,,,
R 426 | S 109 | G14,1005,,,,,,,
R 429/3 | S 112/3 | G25/3,1006,,,,,,,
R - | S 190a | ME -,1007,,,,,,,
 R - | 306a | N13,1008,,,,,,,
,1009,,,,,,,
,1010,,,,,,,
R 445,1011,,,,,,,
"R 429,Nr. 2",1012,,,,,,,
R 444,1013,,,,,,,
R 444,1014,,,,,,,
"R 441,6",1015,,,,,,,
"R 668 | S 121a | H3
R 32 | S 209 | A32a",1016,,,,,,,
R 668 | S 121a | H3,1017,,,,,,,
R 32 | S 209 | A32a,1018,,,,,,,
,1019,,,,,,,
R 452 | S 121 | H1,1020,,,,,,,
R 457 | S 126/2 | H8,1022,,,,,,,
R 454 | S 122 | H9,1023,,,,,,,
R 452,1024,,,,,,,
,1025,,,,,,,
"R 563,636,215,345 | S 93,340,554,(626)",1026,,,,,,,
"R 224,1 ",1027,,,,,,,
S 223a,1028,,,,,,,
R 480 | S 5 | I1,1029,,,,,,,
R 484 | S 9 | I2,1030,,,,,,,
R 17/2,1031,,,,,,,
"R 105b,13 | S 242,13",1032,,,,,,,
"R 105b,13 | S 242,13",1033,,,,,,,
"R 105b,13 | S 242,13",1034,,,,,,,
"R 105b,13 | S 242,13",1035,,,,,,,
"R 45,2",1036,,,,,,,
R 234,1037,,,,,,,
"R 192,1",1038,,,,,,,
R 345,1039,,,,,,,
"R 106,19",1040,,,,,,,
-,1041,,,,,,,
"[R 3a,4)",1042,,,,,,,
R 635,1043,,,,,,,
,1044,,,,,,,
R 330,1045,,,,,,,
,1046,,,,,,,
R 606,1047,,,,,,,
,1048,,,,,,,
,1049,,,,,,,
,1050,,,,,,,
,1051,,,,,,,
R 2b,1052,,,,,,,
R 2b,1053,,,,,,,
R 2b,1054,,,,,,,
-,1055,,,,,,,
,1056,,,,,,,
,1057,,,,,,,
,1058,,,,,,,
,1059,,,,,,,
,1060,,,,,,,
R 326 | S 600 | B54 [?],1061,,,,,,,
R 367,1062,,,,,,,
R 101/1-3 | S 249 | A143,1063,,,,,,,
R 101/1 | S 249 | A143,1064,,,,,,,
R 101/2 | S 249 | A143,1065,,,,,,,
R 101/3 | S 249 | A143,1066,,,,,,,
R 474,1067,,,,,,,
R 387,1068,,,,,,,
,1069,,,,,,,
,1070,,,,,,,
R 237 | S 552 | A54,1071,,,,,,,
R 541 | S 71 | L11,1072,,,,,,,
R 106 | S 244 | A132,1073,,,,,,,
R 21 | S 178 | A179,1074,,,,,,,
"R 638,6",1075,,,,,,,
R 456 | S 125 | H6,1076,,,,,,,
R 456 | S 125 | H6,1077,,,,,,,
R 456 | S 125 | H6,1078,,,,,,,
R 456 | S 125 | H6,1079,,,,,,,
R 456 | S 125 | H6,1080,,,,,,,
R 456 | S 125 | H6,1081,,,,,,,
R 7 | S 146 | A242,1082,,,,,,,
R 224 | S 414 | A165,1083,,,,,,,
"R 534 | S 53 | J33,B52,E31",1084,,,,,,,
,1085,,,,,,,
S 421a | A13,1086,,,,,,,
R 226,1087,,,,,,,
,1088,,,,,,,
,1089,,,,,,,
R 494 | S 28 | J13,1090,,,,,,,
R 638,1091,,,,,,,
R 638,1092,,,,,,,
R 638,1093,,,,,,,
R 638,1094,,,,,,,
R 638,1095,,,,,,,
R 638,1096,,,,,,,
R 638,1097,,,,,,,
R 638,1098,,,,,,,
R 479,1099,,,,,,,
R (586b) 646,1100,,,,,,,
R (586b) 646,1101,,,,,,,
R 540 | S 70 | L9,1102,,,,,,,
,1103,,,,,,,
,1104,,,,,,,
,1105,,,,,,,
,1106,,,,,,,
,1107,,,,,,,
R 275 | S 442 | A146,1108,,,,,,,
S 576a,1109,,,,,,,
,1110,,,,,,,
R 245 | S 560 | A49,1111,,,,,,,
"R 245,11 | S 560/11 | A49/11",1112,,,,,,,
"R 245,14 | S 560/14 | A49/14",1113,,,,,,,
R 223,1114,,,,,,,
"R 2b,4 | S 139/4 | A172/4",1115,,,,,,,
S 243bis/2 | A60d/2 ,1116,,,,,,,
"R 598, R 599a, R 601, R 596a",1117,,,,,,,
"R 113,1 | S 573a | A297 ",1118,,,,,,,
"R 106,15 | S 244/15 | A132/15",1119,,,,,,,
R 592b | S 275/2 | N8/2,1120,,,,,,,
R 238 | S 553 | A141,1121,,,,,,,
"R 238,2 | S 553/2 | A141/2",1122,,,,,,,
"R 238,1 | S 553/1 | A141/1",1123,,,,,,,
R 381/1 | S 260/1 | E3/1,1124,,,,,,,
,1126,,,,,,,
R 106 | S 244 | A132,1127,,,,,,,
R 641 (499b) | S 680 | K3,1128,,,,,,,
"R 10b,7 | S 161/7 | A 55/7",1129,,,,,,,
S 504a | A287,1130,,,,,,,
S 504a | A287,1132,,,,,,,
S 504a | A287,1133,,,,,,,
S 504a | A287,1134,,,,,,,
R 524 | S 65 | J50,1135,,,,,,,
R 18 | S 176 | S167,1136,,,,,,,
R 536a | S 31 | J15a,1137,,,,,,,
R 536b | S 31 | J15b,1138,,,,,,,
,1139,,,,,,,
R 530 | S 52 | J35,1140,,,,,,,
R 560 | S 90,1141,,,,,,,
"R 560,4 | S 90/4a | M22/1",1142,,,,,,,
"R 560,6 | S 90/6a | M24/1",1143,,,,,,,
"R 560,5 | S 90/5a | M23/1",1144,,,,,,,
R 661 | S 696 | A337,1145,,,,,,,
R 15 | S 170 | A117,1146,,,,,,,
R 74 | S 188 | A300,1147,,,,,,,
R 638 | S 345 | L14,1148,,,,,,,
R 612 | S 320 | N62,1149,,,,,,,
R 578 | S 270 | N14,1150,,,,,,,
"R 560,2 | S 90/2b | M7/2",1151,,,,,,,
"R 560,2 | S 90/2c | M7/3",1152,,,,,,,
"R 506,1 | S 18/1 | J4/5",1153,,,,,,,
"R 506,3 | S 18/3 | J4/2",1154,,,,,,,
"R 506,4 | S 18/4 | J4/3",1155,,,,,,,
R 667 | S 690 | Q1,1156,,,,,,,
R 667 | S 690 | Q1,1157,,,,,,,
R 667 | S 690 | Q1,1158,,,,,,,
R 667 | S 690 | Q1,1159,,,,,,,
R 667 | S 690 | Q1,1160,,,,,,,
R 667 | S 690 | Q1,1161,,,,,,,
R 667 | S 690 | Q1,1162,,,,,,,
"R 211,2 | S 541/2 | A103/3",1163,,,,,,,
"R 662,2 | S 693/2 | Q12/2",1164,,,,,,,
"R 89, R 90 | S 253, S 254 | A114, A195",1165,,,,,,,
R 37 [?] | S 695e | Q21,1166,,,,,,,
R 30 | S 701a | Q2,1167,,,,,,,
R 422 | S 105 | G17,1168,,,,,,,
"R 662,1 | S 693/1 | Q12/1",1169,,,,,,,
R 508 | S 19 | J2,1170,,,,,,,
R 77 | S 197 | A277,1171,,,,,,,
R 666 | S 698 | Q19,1172,,,,,,,
R 425  | S 108  | G12,1173,,,,,,,
R 120 | S 463 | A244,1174,,,,,,,
R 106 | S 244 | A132,1175,,,,,,,
R 90 | S 254 | A195,1176,,,,,,,
R 3a | S 140  | A52,1177,,,,,,,
R 427 | S 110 | G16,1178,,,,,,,
R 489 | S 13/2 | I3,1179,,,,,,,
R 651/3 | S 375 | N63,1180,,,,,,,
R 622 | S 329 |  N70,1181,,,,,,,
R 633 | S 337 | N78,1182,,,,,,,
R 621 | S 328  | N69,1183,,,,,,,
R 671 | S 688 | Q17,1184,,,,,,,
,1185,,,,,,,
R 139 | S 473 | A29,1186,,,,,,,
R 414 | S 97 | G3,1187,,,,,,,
R 487 | S 11 | I9,1188,,,,,,,
R 487 | S 11 | I9,1189,,,,,,,
R 487 | S 11 | I9,1194,,,,,,,
R 6 | S 145 | A218,1195,,,,,,,
R 6 | S 145 | A218,1196,,,,,,,
R 6 | S 145 | A218,1197,,,,,,,
R 455 |S 124 | H4,1198,,,,,,,
R 423 | S 106 | G15,1199,,,,,,,
R 422 |S 105|G17,1200,,,,,,,
R 484 | S 9 | I2,1201,,,,,,,
R 489 | S 13 | I3,1202,,,,,,,
,1203,,,,,,,
,1204,,,,,,,
S 166a,1206,,,,,,,
R 575c | S 288/3 | N7,1207,,,,,,,
R 539 | S 69/1 | L8,1208,,,,,,,
R 592b | S 275/2 | N8/2,1209,,,,,,,
R 592a | S 275/1 | N8/1,1210,,,,,,,
R 592c | S 275/3 | N8/3,1211,,,,,,,
R 592,1212,,,,,,,
R 504,1213,,,,,,,
R 610a | S 306/1 | N46/1,1214,,,,,,,
"R 582a,1; R 582a,2; R 582a,3; R 609a; R 610a; R 579a; R 579b",1215,,,,,,,
"R 582a,1 | S 292a/1 | N32/1/1",1216,,,,,,,
"R 582a,2 | S 292a/12 | N32/1/2",1217,,,,,,,
"R 582a,3 | S 292a/3 | N32/1/3",1218,,,,,,,
R 609a | S 297/1 | N34/1,1219,,,,,,,
R 610a | S 306/1 | N46/1,1220,,,,,,,
R 579a | S 280/1 | N23/1,1221,,,,,,,
R 579b | S 280/bis | N23/2,1222,,,,,,,
R 552,1223,,,,,,,
R 656 | S 348 | P3,1224,,,,,,,
R 656 | S 348 | P3,1225,,,,,,,
R 521 | S 41 | J 26,1226,,,,,,,
R 521a | S 41/1 | J26/1,1227,,,,,,,
R 521b | S 41/2 | J26/2,1228,,,,,,,
R 436 | S 116 | G23,1229,,,,,,,
R 201 (552),1230,,,,,,,
R 497 | S 38 | J24,1231,,,,,,,
R 639 | S 681 | K4,1233,,,,,,,
R 193 | S 504/1 | S 667c | A247/1 | E24 ,1234,,,,,,,
"R 106,1 | S 244/1 | A132/1",1235,,,,,,,
R 579c | S 280/2 | N23/2,1236,,,,,,,
R 614 | S 322 | N60,1237,,,,,,,
R 616 | S 324 | N50,1238,,,,,,,
R 617 | S 315 | N52,1239,,,,,,,
R 613 | S 321 | N59,1240,,,,,,,
R 609b | S 297/2 | N 34/2,1241,,,,,,,
R 521a | S 41/1 | J26,1242,,,,,,,
R 521b | S 41/2 | J26,1243,,,,,,,
R 497 | S 38 | J24,1244,,,,,,,
R 639 | S 681 | K4,1245,,,,,,,
R 193 | S 504/1 | A247/1,1246,,,,,,,
R 611 | S 319 | N58,1247,,,,,,,
R 615 | S 323 | N61,1248,,,,,,,
R 655 | S 347 | P2,1249,,,,,,,
R 655 | S 347 | P2,1250,,,,,,,
R 655 | S 347 | P2,1251,,,,,,,
R 46 | S 224 | A313,1252,,,,,,,
R 607 | S 287/1 | N19/1,1253,,,,,,,
R 607 | S 287/1 | N19/1,1254,,,,,,,
R 607 | S 287/1 | N19/1,1255,,,,,,,
R 608 | S 289/2 | N29/2,1256,,,,,,,
R 608 | S 289/2 | N29/2,1257,,,,,,,
R 608 | S 289/2 | N29/2,1258,,,,,,,
"R 10b,1 | S 161/1 | A 55/1",1259,,,,,,,
"R 10b,3 | S 161/3 | A 55/3",1261,,,,,,,
"R 10b,4 | S 161/4 | A 55/4",1262,,,,,,,
"R 10b,5 | S 161/5 | A 55/5",1263,,,,,,,
"R 10b,6 | S 161/6 | A 55/6",1264,,,,,,,
"R 10b,7 | S 161/7 | A 55/7",1265,,,,,,,
"R 10b,3 | S 161/3 | A 55/3",1266,,,,,,,
R 517 | S 55 | J38,1267,,,,,,,
R 517 | S 55 | J38,1268,,,,,,,
R 527 | S 56 | J37,1269,,,,,,,
R 527 | S 56 | J37,1270,,,,,,,
R 396 | S 670 | E34,1271,,,,,,,
R 527 | S 56 | J37,1272,,,,,,,
R 602 | S 311/1 | N48/1,1273,,,,,,,
R 602 | S 311/1 | N48/1,1274,,,,,,,
R 46,1275,,,,,,,
R 530 | S 52 | J35,1276,,,,,,,
,1278,,,,,,,
,1279,,,,,,,
,1280,,,,,,,
,1281,,,,,,,
,1282,,,,,,,
R 530 | S 52 | J35,1283,,,,,,,
R 590,1284,,,,,,,
E42 [Eckhardt- Mueller],1285,,,,,,,
R 493,1286,,,,,,,
R 493,1287,,,,,,,
R 539,1288,,,,,,,
R 477,1289,,,,,,,
R 477,1290,,,,,,,
R 477,1291,,,,,,,
R 477,1292,,,,,,,
R 477,1293,,,,,,,
R 477,1294,,,,,,,
R 477,1295,,,,,,,
R 477,1296,,,,,,,
R 479,1297,,,,,,,
R 651/4,1298,,,,,,,
R 333,1299,,,,,,,
R [193a],1300,,,,,,,
R 195,1301,,,,,,,
R 648,1302,,,,,,,
R 510b,1303,,,,,,,
R 534 | S 53 | J33,1304,,,,,,,
R 534 | S 53 | J33,1305,,,,,,,
R 576b | S 290/2 | N16/2,1306,,,,,,,
R 575b | S 288/2 | N7/2,1307,,,,,,,
"R 575b | S 288/2 | N7/2
R 600 | S 310 | N20",1308,,,,,,,
R 575b | S 288/2 | N7/2,1309,,,,,,,
R 600 | S 310 | N20,1310,,,,,,,
R 600 | S 310 | N20,1311,,,,,,,
"R 10b,7 | S 161/7 | A55/7",1312,,,,,,,
R 580a | S 301/1 | N42/1,1313,,,,,,,
R 580a | S 301/1 | N42/1,1314,,,,,,,
R 580a | S 301/1 | N42/1,1315,,,,,,,
R 580a | S 301/1 | N42/1,1316,,,,,,,
R 580b | S 301/2 | N42/2,1317,,,,,,,
R 598 | S 295 | N28,1318,,,,,,,
R 601 | S 281 | N22,1319,,,,,,,
"R 606 | S 296 | N31
R 580a | S 301/1 | N42/1",1320,,,,,,,
R 606 | S 296 | N31,1321,,,,,,,
R 606 | S 296 | N31,1322,,,,,,,
R 317,1323,,,,,,,
R 512 | S 62 | J47,1324,,,,,,,
R 524 | S 65 | J50,1325,,,,,,,
R 524 | S 65 | J50,1326,,,,,,,
R 524 | S 65 | J50,1327,,,,,,,
R 524 | S 65 | J50,1328,,,,,,,
R 533 | S 27 | J12,1329,,,,,,,
R 533 | S 27 | J12,1331,,,,,,,
R 533 | S 24 | J7,1332,,,,,,,
R 533 | S 24 | J7,1333,,,,,,,
R 485b,1334,,,,,,,
R 487 | S 11 | I9,1335,,,,,,,
R 379,1336,,,,,,,
R 379,1337,,,,,,,
R 596a | S 294/1 | N33/1,1338,,,,,,,
R 599a,1339,,,,,,,
R 12 | S 171a | A111a,1340,,,,,,,
R 12 | S 171a | A111a,1341,,,,,,,
R 12 | S 171a | A111a,1342,,,,,,,
R 12 | S 171a | A111a,1343,,,,,,,
R 12 | S 171a | A111a,1344,,,,,,,
R 12 | S 171a | A111a,1345,,,,,,,
R 12 | S 171a | A111a,1346,,,,,,,
"R 591b, R 567b, R 592b",1347,,,,,,,
R 591b | S 273/2 | N5,1348,,,,,,,
R 567b | S 272/2 | N3,1349,,,,,,,
R 592b | S 275/2 | N8/2,1350,,,,,,,
R 593a | S 269/1 | N1,1351,,,,,,,
R 581a | S 305/1 | N35,1352,,,,,,,
R 581a | S 305/1 | N35,1353,,,,,,,
R 627a | S 299/1 | N39/1,1354,,,,,,,
R 570b | S 276/1 | N12,1355,,,,,,,
R 472,1356,,,,,,,
R 471c | S 130 | D13c,1357,,,,,,,
R 471c | S 130 | D13c,1358,,,,,,,
R 471,1359,,,,,,,
R 505,1360,,,,,,,
R 578 | S 270 | N14 ,1361,,,,,,,
R 525 | S 63 | J48,1362,,,,,,,
R 453 | S 120 | H2,1363,,,,,,,
,1364,,,,,,,
,1365,,,,,,,
,1366,,,,,,,
,1367,,,,,,,
,1368,,,,,,,
,1369,,,,,,,
,1370,,,,,,,
,1371,,,,,,,
,1372,,,,,,,
,1373,,,,,,,
,1374,,,,,,,
,1375,,,,,,,
R 492,1376,,,,,,,
R 63,1377,,,,,,,
R 83 und R 84,1378,,,,,,,
R 83,1379,,,,,,,
R 84,1380,,,,,,,
"R 542,3 | S 72/3 | M4",1381,,,,,,,
"R 560,9 | S 90/9a | M8/1",1382,,,,,,,
,1383,,,,,,,
R 550 | S 78 | M17/1,1384,,,,,,,
"R 560,8 | S 90/8a | M9/1",1385,,,,,,,
"R 560,9 | S 90/9a | M8/1",1386,,,,,,,
"R 560,10 | S 90/10a | M6/1",1387,,,,,,,
"R 560,7 | S 90/7a | M18/1",1388,,,,,,,
"R 560,2 | S 90/2b | M7/2",1389,,,,,,,
R 554 | S 84/1 | M28/1,1390,,,,,,,
R 544 | S 75/1 | M12/1,1391,,,,,,,
R 3b | S 141 | A173,1392,,,,,,,
R 530 | S 52 | J35,1393,,,,,,,
R 293,1394,,,,,,,
"R 223,1 | S 414/1 | A165/1",1395,,,,,,,
,1396,,,,,,,
S 211a | A289/1,1397,,,,,,,
S 249c | A289/2 ,1398,,,,,,,
R 665,1399,,,,,,,
R 60 | S 192 | A233,1400,,,,,,,
"R 60,1 | S 192/1 | A233/1",1401,,,,,,,
"R 60,2 | S 192/2 | A233/2",1402,,,,,,,
"R 60,3 | S 192/3 | A233/3",1403,,,,,,,
"R 60,4 | S 192/4 | A233/4",1404,,,,,,,
R 18 | S 176 | A167,1405,,,,,,,
R 13 | S 154 | A18,1406,,,,,,,
R 66a | S 169 | A,1407,,,,,,,
"R 45,1 | S 225/1 | A333/1 ",1408,,,,,,,
R 59 | S 191 | A256,1409,,,,,,,
"R 112,2 | S 205a/2 | A335/2 ",1410,,,,,,,
"R 112,2 | S 205a/2 | A335/2 ",1411,,,,,,,
S 158a | A55/7 ,1412,,,,,,,
R 30 | S 151 | A6,1413,,,,,,,
R 28 | S 149 | A4,1414,,,,,,,
R 618b | S 274/2 | N5,1415,,,,,,,
R 618b | S 274/2 | N5,1416,,,,,,,
R 618b | S 274/2 | N5,1417,,,,,,,
R 662 | S 693 | Q12,1418,,,,,,,
"R 662,1 | S 693/1 | Q12/1",1419,,,,,,,
"R 662,2 | S 693/2 | Q12/2",1420,,,,,,,
R 46 | S 224 | A313,1421,,,,,,,
R 618c | S 274/2 | N5,1422,,,,,,,
R 74 | S 188 | A300,1423,,,,,,,
R 46 | S 244 | A313,1424,,,,,,,
R 79 | S 203 | A322,1425,,,,,,,
"R 603,1 | S 316/1 | N54/1 ",1426,,,,,,,
"R 10 b,5 (Bearb.)",1427,,,,,,,
R 355 | S 257 | C1,1428,,,,,,,
R 296 | S 619a | B48,1429,,,,,,,
R 630 | S 333 | N74,1430,,,,,,,
R 462 | S 128 | D4,1431,,,,,,,
R 474 | S 135 | D20,1432,,,,,,,
(R 426) | (S 109) | (G14),1433,,,,,,,
(R 412) | (S 95) | (G1),1434,,,,,,,
(R 420) | (S 103) | (G13),1435,,,,,,,
R 381/1 | S 260/1 | E3/1,1436,,,,,,,
R 381/1 | S 260/1 | E3/1,1437,,,,,,,
R 392 | S 665 | E35,1438,,,,,,,
(R 421) | (S 104) | (G22),1439,,,,,,,
(R 419) | (S 102) | (G4),1440,,,,,,,
(R 419) | (S 102) | (G4),1441,,,,,,,
R 386 | S 265 | E32,1442,,,,,,,
R 184 | S 517 | A202/3,1443,,,,,,,
R 392 | S 665 | E35,1444,,,,,,,
,1445,,,,,,,
R 183 | S 516 | A202/1,1446,,,,,,,
R 390/2 | S 268/2 | E7,1447,,,,,,,
R 664 | S 516a | A202/2,1448,,,,,,,
R 181 | S 514 | A189,1449,,,,,,,
R 50 | S 229 | A184,1450,,,,,,,
R 593a | S 269/1 | N1,1451,,,,,,,
R 593a | S 269/1 | N1,1452,,,,,,,
R 593a | S 269/1 | N1,1453,,,,,,,
R 55 | S 523 | A248,1454,,,,,,,
R 51 | S 522 | A196,1455,,,,,,,
R 616 | S 324 | N50,1456,,,,,,,
"R 498 (R 10b,1)",1457,,,,,,,
,1458,,,,,,,
R 402,1459,,,,,,,
R 409,1460,,,,,,,
R 407,1461,,,,,,,
"R 401 (687,2)",1462,,,,,,,
R 400 (114),1463,,,,,,,
R 382 (24),1464,,,,,,,
R 402,1465,,,,,,,
R 403,1466,,,,,,,
R 514,1467,,,,,,,
(R 496b),1468,,,,,,,
"R 106,15b | S 244a | A224",1469,,,,,,,
"R 106,15b | S 244a | A224",1470,,,,,,,
"R 106,15b | S 244b | A224",1471,,,,,,,
R 201 | S 510 | A153,1472,,,,,,,
(R 426),1473,,,,,,,
R 22 | S 529/2 | A250/2,1474,,,,,,,
(R 426),1475,,,,,,,
(R 415),1476,,,,,,,
(R 415),1477,,,,,,,
R 411a (487),1478,,,,,,,
R 411b (487),1479,,,,,,,
,1480,,,,,,,
,1481,,,,,,,
,1482,,,,,,,
,1483,,,,,,,
,1484,,,,,,,
,1485,,,,,,,
,1486,,,,,,,
"R 192,1 | S 501/1 | A238/1",1487,,,,,,,
"R 192,2 | S 501/2 | A238/2",1488,,,,,,,
R 615 | S 323 | N61,1490,,,,,,,
R 72 | S 50 | A286a,1491,,,,,,,
"R 72,1 | S 50/6 | A286a/1",1492,,,,,,,
"R 72,2 | S 50/10 | A286a/2",1493,,,,,,,
"R 72,3 | S 50/3 | A286a/3",1494,,,,,,,
"R 72,4 | S 50/2 | A286a/4",1495,,,,,,,
"R 72,5 | S 50/4 | A286a/5",1496,,,,,,,
"R 72,6 | S 50/5 | A286a/6",1497,,,,,,,
"R 72,7 | S 50/7 | A286a/7",1498,,,,,,,
"R 72,8 | S 50/1 | A286a/8",1499,,,,,,,
R 514,1500,,,,,,,
R 22,1501,,,,,,,
R [515],1502,,,,,,,
???,1503,,,,,,,
"R 238,2 | S 553/2 | A141/2",1504,,,,,,,
R 171 | S 492 | A245, 1506
R 281 | S 448 | A254 ,1507,,,,,,,
"R 278,2 | S 445/2 | A176/2",1508,,,,,,,
"R 287,1 | S 445/1 | A176/1",1509,,,,,,,
R 139 | S 473/1 | A29a,1510,,,,,,,
,1511,,,,,,,
"R 238,2 | S 553/2 | A141/2",1512,,,,,,,
R 180 | S 513 | A190,1513,,,,,,,
,1514,,,,,,,
,1515,,,,,,,
,1516,,,,,,,
R 463 | S 382 | D21,1517,,,,,,,
,1518,,,,,,,
"(R 68,2)",1519,,,,,,,
,1520,,,,,,,
"(R 560,11)",1521,,,,,,,
"(R 560,3)",1522,,,,,,,
(R 557),1523,,,,,,,
R 200 | S 509 | A246,1524,,,,,,,
R 659,1525,,,,,,,
R 659,1526,,,,,,,
R 101/2,1527,,,,,,,
R 101/2,1528,,,,,,,
R 453 | S 120 | H2,1529,,,,,,,
R 455 | S 124 | H4,1530,,,,,,,
R 455 | S 124 | H4,1531,,,,,,,
R 455 | S 124 | H4,1532,,,,,,,
R 433,1533,,,,,,,
,1534,,,,,,,
,1535,,,,,,,
,1536,,,,,,,
"R 560,9 | S 90/9a | M8/1",1537,,,,,,,
"R 560,10 | S 90/10a | M6/1",1538,,,,,,,
(R 468),1539,,,,,,,
R 476,1540,,,,,,,
R 476,1541,,,,,,,
R 476,1542,,,,,,,
R 476,1543,,,,,,,
R 476,1544,,,,,,,
R 476,1545,,,,,,,
R 476,1546,,,,,,,
R 476,1547,,,,,,,
R 476,1548,,,,,,,
R 476,1549,,,,,,,
R 476,1550,,,,,,,
R 476,1551,,,,,,,
R 476,1552,,,,,,,
R 476,1553,,,,,,,
R 476,1554,,,,,,,
R 476,1555,,,,,,,
R 476,1556,,,,,,,
R 476,1557,,,,,,,
R 476,1558,,,,,,,
R 476,1559,,,,,,,
R 476,1560,,,,,,,
R 476,1561,,,,,,,
R 476,1562,,,,,,,
R 476,1563,,,,,,,
R 476,1564,,,,,,,
R 476,1565,,,,,,,
R 476,1566,,,,,,,
R 476,1567,,,,,,,
R 476,1568,,,,,,,
R 476,1569,,,,,,,
R 476,1570,,,,,,,
R 476,1571,,,,,,,
R 476,1572,,,,,,,
R 476,1573,,,,,,,
R 476,1574,,,,,,,
R 476,1575,,,,,,,
R 476,1576,,,,,,,
R 476,1577,,,,,,,
R 476,1578,,,,,,,
R 476,1579,,,,,,,
R 476,1580,,,,,,,
R 476,1581,,,,,,,
R 476,1582,,,,,,,
R 476,1583,,,,,,,
R 476,1584,,,,,,,
R 476,1585,,,,,,,
R 476,1586,,,,,,,
R 476,1587,,,,,,,
R 476,1588,,,,,,,
R 476,1589,,,,,,,
R 476,1590,,,,,,,
R 476,1591,,,,,,,
R 476,1592,,,,,,,
R 476,1593,,,,,,,
R 476,1594,,,,,,,
R 476,1595,,,,,,,
S 378b | D18/2,1596,,,,,,,
S 378b | D18/2,1597,,,,,,,
S 378b | D18/2,1598,,,,,,,
"R 238,2 | S 553/2 | A141/2",1599,,,,,,,
"R 591b,R 567b,R 592b,R 594b,R 568b",1600,,,,,,,
R 591b | S 273/2 | N5,1601,,,,,,,
R 567b | S 272/2 | N3,1602,,,,,,,
R 592b | S 275/2 | N8/2,1603,,,,,,,
R 594b | S 278/2 | N9/2,1604,,,,,,,
R 568b | S 279/2 | N10/2,1605,,,,,,,
R 531 | S 503 | A223,1606,,,,,,,
S 378c | D18/3,1607,,,,,,,
S 378c | D18/3,1608,,,,,,,
S 378c | D18/3,1609,,,,,,,
"R 465,1 (487)",1610,,,,,,,
"R 465,2 (487)",1611,,,,,,,
R 610b | S 306/2 | N46/2,1612,,,,,,,
R 99 | S 509 | A246 ,1613,,,,,,,
"R 106,15b | S 244/15 | A132/15",1614,,,,,,,
[R 418] | [S 101] | [G10],1615,,,,,,,
R 260 | S 572 | A292 ,1616,,,,,,,
R 97 | S 239 | A262,1617,,,,,,,
"R 325,1 und 2",1618,,,,,,,
"R 325,1",1619,,,,,,,
R 302,1620,,,,,,,
R 302,1621,,,,,,,
R 303,1622,,,,,,,
R 654 | S 346 | P1,1623,,,,,,,
R 310,1624,,,,,,,
R 310,1625,,,,,,,
R 306,1626,,,,,,,
R 301,1627,,,,,,,
"R 338,1 | S 581/1 | B31/1",1628,,,,,,,
"R 338,2 | S 581/2 | B31/2",1629,,,,,,,
,1630,,,,,,,
R 627b | S 299/2 | N39/2,1631,,,,,,,
R 575c | S 288/3 | N7/3,1632,,,,,,,
R 577b | S 291/2 | N17/2,1633,,,,,,,
R 625 | S 277/2 | N21/2,1634,,,,,,,
R 628 | S 331 | N72,1635,,,,,,,
R 629 | S 332 | N73,1636,,,,,,,
R 630 | S 333 | N74,1637,,,,,,,
R 622 | S 329 | N70,1638,,,,,,,
R 624 | S 330 | N71,1639,,,,,,,
R 631 | R 334 | N75,1640,,,,,,,
R 621 | S 328 | N69,1641,,,,,,,
"R 560,11 | S 90/11 | M35",1642,,,,,,,
"R 560,2 | S 90/2b | M7/2",1643,,,,,,,
R 337,1644,,,,,,,
R 342,1645,,,,,,,
R 327-329,1646,,,,,,,
R 327,1647,,,,,,,
R 328,1648,,,,,,,
R 329,1649,,,,,,,
R 561 | S 91/1 | M36/1,1650,,,,,,,
R 343,1651,,,,,,,
"R 560,11 | S 90/11a | M35/1",1652,,,,,,,
"R 542,2 | S 72/2 | M3",1653,,,,,,,
R 348,1654,,,,,,,
R 544 | S 75/2 | M12/2,1655,,,,,,,
R 347,1656,,,,,,,
,1657,,,,,,,
"R 560,1 | S 90/1b | M31/2",1658,,,,,,,
,1659,,,,,,,
"R 560,1 | S 90/1a | M31/1",1660,,,,,,,
,1661,,,,,,,
"R 560,1 | S 90/1b | M31/2",1662,,,,,,,
"R 560,1 | S 90/1a | M31/1",1663,,,,,,,
,1664,,,,,,,
"R 560,1 | S 90/1b | M31/2",1665,,,,,,,
,1666,,,,,,,
"R 560,1 | S 90/1a | M31/1",1667,,,,,,,
,1668,,,,,,,
"R 560,1 | S 90/1b | M31/2",1669,,,,,,,
,1670,,,,,,,
"R 560,1 | S 90/1a | M31/1",1671,,,,,,,
,1672,,,,,,,
"R 560,1 | S 90/1b | M31/2",1673,,,,,,,
,1674,,,,,,,
"R 560,1 | S 90/1b | M31/2",1675,,,,,,,
,1676,,,,,,,
"R 560,1 | S 90/1b | M31/2",1677,,,,,,,
"R 560,1 | S 90/1a | M31/1",1678,,,,,,,
"R 560,1 | S 90/1b | M31/2",1679,,,,,,,
"R 8,10 | S 156a/1 | A27b/1",1680,,,,,,,
"R 8,11 | S 156a/2 | A27b/2",1681,,,,,,,
"R 8,12 | S 156a/3 | A27b/3",1682,,,,,,,
"R 471 | S 130 | D13 
R 333 | S 612 | B36",1683,,,,,,,
R 76 | S 196 | A266,1684,,,,,,,
[R 77],1685,,,,,,,
R 479 | S 4/2 | I8b,1686,,,,,,,
R 479 | S 4/2 | I8b,1687,,,,,,,
R 430 | S 113 | G28,1688,,,,,,,
R 358 (413),1689,,,,,,,
R 359 (414),1690,,,,,,,
R 361 (416),1691,,,,,,,
R 360 (415),1692,,,,,,,
R 671 | S 688 | Q17,1693,,,,,,,
R 671 | S 688 | Q17,1694,,,,,,,
R 185 | S 518 | A225,1695,,,,,,,
R 362 (417),1696,,,,,,,
R 364 (419),1697,,,,,,,
R 368 (423),1698,,,,,,,
R 480 | S 5/2a | I1b,1699,,,,,,,
R 366 (421),1700,,,,,,,
R 367 (422),1701,,,,,,,
R 480 | S 5/2a | I1b,1702,,,,,,,
R 532b | S 42/2 | J27/2,1703,,,,,,,
R 495b | S 46/2 | J32/2,1704,,,,,,,
R 385 | S 266 | E39,1705,,,,,,,
R 619 | S 3325 | N65,1706,,,,,,,
"R 369,2 (425,2)",1707,,,,,,,
"R 370,1 | S 648 | C20",1708,,,,,,,
"R 370,1 | S 648 | C20",1709,,,,,,,
R 492a | S 16/1 | K6,1710,,,,,,,
R 492b | S 16/2 | J45,1711,,,,,,,
R 492b | S 16/2 | J45,1712,,,,,,,
C25 [R 439],1713,,,,,,,
[R 439] * s. Kommentar,1714,,,,,,,
[R 439],1715,,,,,,,
[R 439],1716,,,,,,,
R 356,1717,,,,,,,
R 377,1718,,,,,,,
R 377,1719,,,,,,,
-,1720,,,,,,,
R 379 (228),1721,,,,,,,
R 647,1722,,,,,,,
R 648,1723,,,,,,,
,1724,,,,,,,
R 413,1725,,,,,,,
R 554,1726,,,,,,,
"R 584,2",1727,,,,,,,
"R 544,2",1728,,,,,,,
[R 555],1729,,,,,,,
R 433,1730,,,,,,,
R 423,1731,,,,,,,
R 412 | S 95 | G1,1732,,,,,,,
R 423,1733,,,,,,,
R 485a,1734,,,,,,,
,1735,,,,,,,
R 412 | S 95 | G1,1736,,,,,,,
R 412 | S 95 | G1,1737,,,,,,,
R 412 | S 95 | G1,1738,,,,,,,
R 412 | S 95 | G1,1739,,,,,,,
R 413 | S 96 | G2,1740,,,,,,,
R 413 | S 96 | G2,1741,,,,,,,
R 414 | S 97 | G3,1742,,,,,,,
R 414 | S 97 | G3,1743,,,,,,,
R 414 | S 97 | G3,1744,,,,,,,
R 414 | S 97 | G3,1745,,,,,,,
R 414 | S 97 | G3,1746,,,,,,,
(R 415) | S 113b | (G9),1747,,,,,,,
R 416 | S 99 | G6,1748,,,,,,,
R 416 | S 99 | G6,1749,,,,,,,
R 417 | S 100 | G7,1750,,,,,,,
R 418 | S 101 | G10,1751,,,,,,,
R 418 | S 101 | G10,1752,,,,,,,
R 418 | S 101 | G10,1753,,,,,,,
R 418 | S 101 | G10,1754,,,,,,,
R 418 | S 101 | G10,1755,,,,,,,
R 419 | S 102 | G4,1756,,,,,,,
- ,1757,,,,,,,
[WWWv 79],1758,,,,,,,
- ,1759,,,,,,,
R 555,1760,,,,,,,
R 652 ,1761,,,,,,,
"R 651,5 | S 375 | N63",1762,,,,,,,
R 485a,1763,,,,,,,
R 545,1764,,,,,,,
R 484,1765,,,,,,,
R 487,1766,,,,,,,
R 492,1767,,,,,,,
R 492,1768,,,,,,,
R 492,1769,,,,,,,
"[R 14,2]",1770,,,,,,,
R 557d,1771,,,,,,,
R 557d,1772,,,,,,,
R 557d,1773,,,,,,,
R 479,1774,,,,,,,
R 561,1775,,,,,,,
"[R 482,1 / 393]",1776,,,,,,,
R 498 ,1777,,,,,,,
R 459,1778,,,,,,,
R 459,1779,,,,,,,
R 459,1780,,,,,,,
R 460,1781,,,,,,,
R 460,1782,,,,,,,
R 539,1783,,,,,,,
R 482,1784,,,,,,,
R 482,1785,,,,,,,
R 482,1786,,,,,,,
R 586,1787,,,,,,,
R 553,1788,,,,,,,
"R 547,4 | S 80 | L2",1789,,,,,,,
"R 547,2",1790,,,,,,,
R 498 | S 60 | J44,1791,,,,,,,
R 498 | S 60 | J44,1792,,,,,,,
R 508,1793,,,,,,,
R 652 ,1794,,,,,,,
R 652 ,1795,,,,,,,
R 652 ,1796,,,,,,,
R 548,1797,,,,,,,
"R 547,3",1798,,,,,,,
"R 547,2",1799,,,,,,,
"R 547,1",1800,,,,,,,
"R 547,4",1801,,,,,,,
"R 547,4",1802,,,,,,,
"R 547,4",1803,,,,,,,
R 419 | S 102 | G4,1804,,,,,,,
R 419 | S 102 | G4,1805,,,,,,,
R 419 | S 102 | G4,1806,,,,,,,
R 330 (671),1807,,,,,,,
R 430 (R 671),1808,,,,,,,
R 492 (R 671),1809,,,,,,,
R 539,1810,,,,,,,
R 419 | S 102 | G4,1811,,,,,,,
R 419 | S 102 | G4,1812,,,,,,,
R 419 | S 102 | G4,1813,,,,,,,
R 420 | S 103 | G13,1814,,,,,,,
R 421 | S 104 | G22,1815,,,,,,,
R 421 | S 104 | G22,1816,,,,,,,
R 379,1817,,,,,,,
R 422 | S 105 | G17,1818,,,,,,,
R 423 | S 106 | G15,1819,,,,,,,
R 426 | S 109 | G 14,1820,,,,,,,
R 426 | S 109 | G 14,1821,,,,,,,
R 426 | S 109 | G 14,1822,,,,,,,
R 426 | S 109 | G 14,1823,,,,,,,
R 426 | S 109 | G 14,1824,,,,,,,
R 426 | S 109 | G 14,1825,,,,,,,
R 426 | S 109 | G 14,1826,,,,,,,
R 484,1827,,,,,,,
R 425 | S 108 | G12,1828,,,,,,,
R 425 | S 108 | G12,1829,,,,,,,
R 425 | S 108 | G12,1830,,,,,,,
R 425 | S 108 | G12,1831,,,,,,,
R 425 | S 108 | G12,1832,,,,,,,
"R 427,1 | S 110/1 | G 16/1",1833,,,,,,,
"R 427,2 | S 110/2 | G 16/2",1834,,,,,,,
"R 427,2 | S 110/2 | G 16/2",1835,,,,,,,
"R 427,2 | S 110/2 | G 16/2",1836,,,,,,,
R 487,1837,,,,,,,
R 431 | S 356 | G18,1838,,,,,,,
R 432 | S 114 | G20,1839,,,,,,,
R 432 | S 114 | G20,1840,,,,,,,
R 433 | S 115 | G5,1841,,,,,,,
R 433 | S 115 | G5,1842,,,,,,,
R 433 | S 115 | G5,1843,,,,,,,
R 433 | S 115 | G5,1844,,,,,,,
R 433 | S 115 | G5,1845,,,,,,,
R 438 | S 118 | G33,1846,,,,,,,
R 435 | S 358 | G11,1847,,,,,,,
"R 429,1 | S 112/1 | G25/1",1848,,,,,,,
R 487,1849,,,,,,,
R 489 (2),1850,,,,,,,
R 489 ,1851,,,,,,,
R 489,1852,,,,,,,
R 489,1853,,,,,,,
R 489,1854,,,,,,,
R 489,1855,,,,,,,
R 490,1856,,,,,,,
R 490,1857,,,,,,,
R 490,1858,,,,,,,
R 490,1859,,,,,,,
R 490,1860,,,,,,,
R 491,1861,,,,,,,
R 491,1862,,,,,,,
R 491,1863,,,,,,,
"R 491,R 493",1864,,,,,,,
R 491,1865,,,,,,,
R 493,1866,,,,,,,
,1867,,,,,,,
,1868,,,,,,,
,1869,,,,,,,
,1870,,,,,,,
,1871,,,,,,,
R 487,1872,,,,,,,
R 428,1873,,,,,,,
R 509,1874,,,,,,,
R 509,1875,,,,,,,
R 79,1876,,,,,,,
"R 106,2",1877,,,,,,,
R 287,1878,,,,,,,
R 277,1879,,,,,,,
R 493,1880,,,,,,,
R 493,1881,,,,,,,
R 493,1882,,,,,,,
"R 482,1",1883,,,,,,,
R 482,1884,,,,,,,
R 417 | S 100,1885,,,,,,,
R 588 | S 308,1886,,,,,,,
R 506 | S 18/2,1887,,,,,,,
R 506 | S 18/5,1888,,,,,,,
R 641 | S 680,1889,,,,,,,
R 138 | S 472,1890,,,,,,,
R 485 | S 8/2,1891,,,,,,,
R 71 | S 186,1892,,,,,,,
R 71 | S 186,1893,,,,,,,
R 71 | S 186,1894,,,,,,,
R 71 | S 186,1895,,,,,,,
R 71 | S 186,1896,,,,,,,
R 71 | S 186,1897,,,,,,,
R 71 | S 186,1898,,,,,,,
R 71 | S 186,1899,,,,,,,
R 488 | S 12,1900,,,,,,,
R 426 | S 109,1901,,,,,,,
R 157,1902,,,,,,,
aus [R 105a],1903,,,,,,,
aus [R 105a],1904,,,,,,,
aus [R 105a],1905,,,,,,,
"R 441,1",1906,,,,,,,
"R 441,2",1907,,,,,,,
"R 441,3",1908,,,,,,,
"R 441,4",1909,,,,,,,
"R 441,5",1910,,,,,,,
"R 441,6",1911,,,,,,,
R 538,1912,,,,,,,
R 538,1913,,,,,,,
R 538,1914,,,,,,,
R 439,1915,,,,,,,
R 439,1916,,,,,,,
R 539,1917,,,,,,,
R 539,1918,,,,,,,
R 539,1919,,,,,,,
R 539,1920,,,,,,,
R 539,1921,,,,,,,
R 539,1922,,,,,,,
R 539,1923,,,,,,,
R 539,1924,,,,,,,
R 539,1925,,,,,,,
R 539,1926,,,,,,,
R 539,1927,,,,,,,
R 539,1928,,,,,,,
R 539,1929,,,,,,,
R 539,1930,,,,,,,
R 539,1931,,,,,,,
R 244,1932,,,,,,,
"R 10e,3",1933,,,,,,,
"R 10e,4",1934,,,,,,,
"R 10e,5",1935,,,,,,,
R 133 | S 394 | A77,1936,,,,,,,
R 628,1937,,,,,,,
R 628 und 629,1938,,,,,,,
R 628,1939,,,,,,,
R 629,1940,,,,,,,
R 539,1941,,,,,,,
R 592a,1942,,,,,,,
R 593a,1943,,,,,,,
R 539,1944,,,,,,,
R 539,1945,,,,,,,
"R 37,2",1946,,,,,,,
R 539,1947,,,,,,,
R 539,1948,,,,,,,
R 539,1949,,,,,,,
R 539,1950,,,,,,,
R 304 | S 619 | B59,1951,,,,,,,
"R 454
R 460 (E/M H10)
R 458",1952,,,,,,,
"R 454
",1953,,,,,,,
R 460 (E/M H10),1954,,,,,,,
R 458,1955,,,,,,,
R 117 | S 386 | A125,1956,,,,,,,
R 12/5 | S 171a/5 | A111a/5,1957,,,,,,,
R 571a?b | S 283/1?2 | N24 ,1958,,,,,,,
R 455 | S 124 | H4,1959,,,,,,,
R 449/4 | S 363/4 | G24/4,1960,,,,,,,
R 441 | S 359 | G21,1961,,,,,,,
R 441/1 | S 359/1 | G21/1,1962,,,,,,,
R 441/2 | S 359/2 | G21/2,1963,,,,,,,
R 441/2 | S 359/2 | G21/2,1964,,,,,,,
R 441/3 | S 359/3 | G21/3,1965,,,,,,,
R 441/3 | S 359/3 | G21/3,1966,,,,,,,
R 441/4 | S 359/4 | G21/4,1967,,,,,,,
R 441/4 | S 359/4 | G21/4,1968,,,,,,,
R 441/5 | S 359/5 | G21/5,1969,,,,,,,
R 441/5 | S 359/5 | G21/5,1970,,,,,,,
R 441/6 | S 359/6 | G21/6,1971,,,,,,,
R 136 | S 470 | A16c,1972,,,,,,,
R 142 | S 475 | A205,1973,,,,,,,
R 430(a) | S 113(a) | G28,1974,,,,,,,
R 464a | S 377a | D9,1975,,,,,,,
R 457 | S 126 | H8,1976,,,,,,,
R 97 | S 238 | A262,1977,,,,,,,
R 10/1 | S 163/1 | A283/1,1978,,,,,,,
R 356 | S 258 | C18,1979,,,,,,,
,1980,,,,,,,
R 473(1) | S 378(1) | D15(1),1981,,,,,,,
R 389 | S 672c/5 | E30,1982,,,,,,,
R 324 | S 598 | B55,1983,,,,,,,
R 112/1 | S 205a/1 | A335/1,1984,,,,,,,
R 324 | S 598 | B55,1985,,,,,,,
R 324/1 | S 598/1 | B55/1,1986,,,,,,,
R 324/2 | S 598/2 | B55/2,1987,,,,,,,
R 324/3 | S 598/3 | B55/3,1988,,,,,,,
,1989,,,,,,,
R 112/5 | S 205a/5 | A335/5,1990,,,,,,,
R 179/2 | S 512/2 | A310/2,1991,,,,,,,
R 492a | S 16/2 | J45,1992,,,,,,,
R 330(2) | S 604(2) | B28,1993,,,,,,,
R 254 | S 570 | A306,1994,,,,,,,
R 112/3 | S 205a/3 | A335/3,1995,,,,,,,
R 112/3 | S 205a/3 | A335/3,1996,,,,,,,
R 112/3 | S 205a/3 | A335/3,1997,,,,,,,
R 238 | S 553 | A141,1998,,,,,,,
R 238/1 | S 553/1 | A141/1,1999,,,,,,,
R 238/2 | S 553/2 | A141/2,2000,,,,,,,
R 429/3 | S 112/3 | G25/3,2001,,,,,,,
R 429/3 | S 112/3 | G25/3,2002,,,,,,,
R 10/3 | S 163/3 | A 283,2003,,,,,,,
,2004,,,,,,,
R 92 | S 248 | A85,2005,,,,,,,
R 239/2 | S 554/2 | A329,2006,,,,,,,
R 39 | S 217 | A317,2007,,,,,,,
R 449/2 | S 363/2,2008,,,,,,,
R 449 | S 363 G24,2009,,,,,,,
"R 10e,Nr. 7",2010,,,,,,,
"R 14,Nr. 7",2011,,,,,,,
[R 38],2012,,,,,,,
[R 213],2013,,,,,,,
"R 449,Nr. 4",2014,,,,,,,
R 444,2015,,,,,,,
R 444 (und 465),2016,,,,,,,
R 444,2017,,,,,,,
R 444,2018,,,,,,,
R 444,2019,,,,,,,
R 444,2020,,,,,,,
R 444,2021,,,,,,,
"R 455 | S 124 | H4
R 456 | S 125 | H6",2022,,,,,,,
R 455 | S 124 | H4,2023,,,,,,,
R 456 | S 125 | H6,2024,,,,,,,
R 452 | S 121 | H1,2025,,,,,,,
R 452 | S 121 | H1,2026,,,,,,,
,2027,,,,,,,
R 457 | S 126/2 | H8,2028,,,,,,,
R 454 | S 122 | H9,2029,,,,,,,
R 453 | S 120 | H2,2030,,,,,,,
R 541,2031,,,,,,,
R 455 | S 124 | H4,2032,,,,,,,
R 456 | S 125 | H6,2033,,,,,,,
R 603/1,2034,,,,,,,
R 603/1,2035,,,,,,,
R 447,2036,,,,,,,
R 504,2037,,,
R 484,2038,,,,,,,
R 182,2039,,,,,,,
"R 542,1",2040,,,,,,,
"R 106,1",2041,,,,,,,
R 457,2042,,,,,,,
"R 10e,Nr.5",2043,,,,,,,
,2044,,,,,,,
R 359 | S 637 | C11,2045,,,,,,,
R 360 | S 638 | C12,2046,,,,,,,
R 365 | S 643 | C16,2047,,,,,,,
"R 455 | S 124 | H4
S 125a | Q6        
R 456 | S 125 | H6",2048,,,,,,,
R 455 | S 124 | H4,2049,,,,,,,
R 455 | S 124 | H4,2050,,,,,,,
R 455 | S 124 | H4,2051,,,,,,,
S 125a | Q6,2052,,,,,,,
R 456 | S 125 | H6,2053,,,,,,,
R 455 | S 124 | H4,2054,,,,,,,
R 456 | S 125 | H6,2055,,,,,,,
R 483 | S 47 | J41,2056,,,,,,,
R 483,2057,,,,,,,
R 483,2058,,,,,,,
R 607,2059,,,,,,,
S 723a | W6 ,2060,,,,,,,
"R 236,2",2061,,,,,,,
,2062,,,,,,,
,2063,,,,,,,
"R 354,1",2064,,,,,,,
,2065,,,,,,,
,2066,,,,,,,
R 75 | S 168 | A94,2067,,,,,,,
R 638 | S 345 | L14,2068,,,,,,,
R 583 | S 302 | N45,2069,,,,,,,
"R 429,1 und 2 | S 112 | G25",2070,,,,,,,
"R 429,1",2071,,,,,,,
"R 429,2",2072,,,,,,,
R 556 | S 86 | M30,2073,,,,,,,
R 556 | S 86 | M30,2074,,,,,,,
R 556 | S 86 | M30,2075,,,,,,,
R - | S 67a / 67a bis | L6,2076,,,,,,,
R - | S 67a / 67a bis | L6,2077,,,,,,,
,2078,,,,,,,
R - | S 67a / 67a bis | L6,2079,,,,,,,
R 562 | S 92 | A268,2080,,,,,,,
R 562 | S 92 | A268,2081,,,,,,,
R 554 | S 84 | M28,2082,,,,,,,
R 554 | S 84 | M28,2083,,,,,,,
R 554 | S 84 | M28,2084,,,,,,,
R 544 | S 75 | M12,2085,,,,,,,
R 544 | S 75 | M12,2086,,,,,,,
R 544 | S 75 | M12,2087,,,,,,,
"R 539 | S 69/1 | L8/1
R 199 | S 507a | A213",2088,,,,,,,
R 539 | S 69/1 | L8/1,2089,,,,,,,
R 199 | S 507a | A213,2090,,,,,,,
S 692e,2091,,,,,,,
,2092,,,,,,,
,2093,,,,,,,
,2094,,,,,,,
,2095,,,,,,,
,2096,,,,,,,
,2097,,,,,,,
,2098,,,,,,,
,2099,,,,,,,
,2100,,,,,,,
R 476 | S 1 | O1,2101,,,,,,,
R 476 | S 1 | O1,2102,,,,,,,
R 410 | S 679 | F1,2103,,,,,,,
-,2104,,,,,,,
"R 407,1 | S 676 | E10",2105,,,,,,,
R 105c | S 242 | A60b,2106,,,,,,,
R 105c | S 242 | A60b,2107,,,,,,,
R 105c | S 242 | A60b,2108,,,,,,,
R 105c | S 242 | A60b,2109,,,,,,,
[R 53],2110,,,,,,,
R 143 | S 478 | A99,2111,,,,,,,
R 146 | S 481 | A147,2112,,,,,,,
R 374 | S 652 | C24,2113,,,,,,,
R 636 (?),2114,,,Fragment,korrigierte Abschrift (Fragment),,,
,2115,,,,,,,
R 620 | S 327 | N68,2116,,,,,,,
"R 642,1 | S 342/1 | K9/1",2117,,,,,,,
"R 642,2 | S 342/2 | K9/2",2118,,,,,,,
R 499b | S 34/2 | J19/2 ,2119,,,,,,,
R 667 | S 690 | Q1,2120,,,,,,,
R 283 | S 450 | A315,2121,,,,,,,
R 380 | S 259 | E1 ,2122,,,,,,,
R 340 | S 584 | B6,2123,,,,,,,
R 10a | S 160 | A159,2124,,,,,,,
R 10a/1 | S 160 | A159,2125,,,,,,,
R 10a/2 | S 160 | A159,2126,,,,,,,
R 10a/3 | S 160 | A159,2127,,,,,,,
R 10a/4 | S 160 | A159,2128,,,,,,,
R 10a/5 | S 160 | A159,2129,,,,,,,
R 10a/6 | S 160 | A159,2130,,,,,,,
R 10a/7 | S 160 | A159,2131,,,,,,,
R 10a/8 | S 160 | A159,2132,,,,,,,
R 10a/9 | S 160 | A159,2133,,,,,,,
R 10b/2 | S 161 | A55,2134,,,,,,,
R 586b | S 293/2 | N37,2135,,,,,,,
R 203 | S 533 | A98,2136,,,,,,,
R 152 | 398 | A23,2137,,,,,,,
R 236/2 | 424 | A36,2138,,,,,,,
R 378 | 655 | C3,2139,,,,,,,
R 489 | S 13/2 | I3,2140,,,,,,,
